LGA_CODE_2021,Age_40_44_NonInd_F,Age_40_44_NonInd_P,Age_40_44_Indig_st_nsM,Age_40_44_Indig_st_nsF,Age_40_44_Indig_st_nsP,Age_40_44_TotM,Age_40_44_TotF,Age_40_44_TotP,Age_45_49_Indig_M,Age_45_49_Indig_F,Age_45_49_Indig_P,Age_45_49_NonInd_M,Age_45_49_NonInd_F,Age_45_49_NonInd_P,Age_45_49_Indig_st_nsM,Age_45_49_Indig_st_nsF,Age_45_49_Indig_st_nsP,Age_45_49_TotM,Age_45_49_TotF,Age_45_49_TotP,Age_50_54_Indig_M,Age_50_54_Indig_F,Age_50_54_Indig_P,Age_50_54_NonInd_M,Age_50_54_NonInd_F,Age_50_54_NonInd_P,Age_50_54_Indig_st_nsM,Age_50_54_Indig_st_nsF,Age_50_54_Indig_st_nsP,Age_50_54_TotM,Age_50_54_TotF,Age_50_54_TotP,Age_55_59_Indig_M,Age_55_59_Indig_F,Age_55_59_Indig_P,Age_55_59_NonInd_M,Age_55_59_NonInd_F,Age_55_59_NonInd_P,Age_55_59_Indig_st_nsM,Age_55_59_Indig_st_nsF,Age_55_59_Indig_st_nsP,Age_55_59_TotM,Age_55_59_TotF,Age_55_59_TotP,Age_60_64_Indig_M,Age_60_64_Indig_F,Age_60_64_Indig_P,Age_60_64_NonInd_M,Age_60_64_NonInd_F,Age_60_64_NonInd_P,Age_60_64_Indig_st_nsM,Age_60_64_Indig_st_nsF,Age_60_64_Indig_st_nsP,Age_60_64_TotM,Age_60_64_TotF,Age_60_64_TotP,Age_65over_Indig_M,Age_65over_Indig_F,Age_65over_Indig_P,Age_65over_NonInd_M,Age_65over_NonInd_F,Age_65over_NonInd_P,Age_65over_Indig_st_nsM,Age_65over_Indig_st_nsF,Age_65over_Indig_st_nsP,Age_65_over_TotM,Age_65_over_TotF,Age_65_over_TotP,Tot_Indig_M,Tot_Indig_F,Tot_Indig_P,Tot_NonInd_M,Tot_NonInd_F,Tot_NonInd_P,Tot_Indig_st_nsM,Tot_Indig_st_nsF,Tot_Indig_st_nsP,Tot_TotM,Tot_TotF,Tot_TotP
LGA10050,1607,3100,89,69,159,1615,1729,3348,33,52,80,1431,1613,3044,88,72,161,1554,1733,3283,43,56,98,1543,1624,3163,95,76,171,1677,1751,3430,25,41,65,1487,1617,3102,93,87,176,1607,1733,3340,29,30,67,1538,1741,3278,82,72,153,1650,1849,3494,53,53,103,4635,5711,10347,225,287,516,4915,6050,10967,1004,1121,2126,24570,26470,51047,1510,1409,2923,27087,29007,56093
LGA10180,631,1273,47,50,98,728,744,1471,35,43,81,638,744,1389,52,59,110,732,845,1574,42,52,85,687,740,1425,56,59,113,782,846,1627,66,47,111,785,824,1608,67,60,129,919,933,1853,36,33,69,739,817,1558,50,43,99,827,894,1720,61,69,132,2259,2627,4881,205,298,503,2523,2994,5517,1044,1162,2205,11671,12505,24174,1289,1449,2744,14005,15115,29124
LGA10250,1291,2442,73,61,132,1272,1386,2658,49,74,120,1244,1399,2645,58,68,129,1353,1540,2891,50,60,116,1293,1463,2753,71,75,142,1416,1597,3010,44,40,85,1401,1512,2912,69,65,138,1513,1620,3129,44,28,73,1450,1686,3134,77,88,161,1576,1806,3372,54,74,129,5384,6398,11778,272,343,617,5710,6814,12524,858,946,1804,20268,21907,42177,1142,1163,2307,22271,24019,46296
LGA10300,39,82,11,9,18,59,50,108,7,8,12,55,55,102,6,16,24,68,69,136,0,0,4,60,65,124,15,5,20,73,78,151,3,3,10,73,71,139,6,11,17,86,86,166,4,5,7,70,65,138,12,11,24,87,82,163,9,7,16,181,190,366,33,33,70,221,231,453,63,74,141,905,873,1780,142,148,289,1116,1098,2208
LGA10470,1090,2171,70,62,124,1238,1228,2463,90,79,163,1157,1213,2371,60,77,131,1309,1363,2670,63,66,132,1188,1256,2440,66,70,140,1322,1395,2715,33,52,85,1205,1239,2449,68,54,119,1309,1345,2651,34,49,86,1211,1260,2466,69,65,131,1312,1374,2686,68,76,148,3576,3986,7557,173,194,370,3820,4257,8073,1650,1504,3153,19165,19201,38368,1044,998,2043,21857,21705,43567
LGA10500,5370,10912,303,256,558,5878,5674,11557,53,67,119,4975,5170,10142,252,232,483,5276,5468,10742,52,65,121,4496,4865,9360,219,189,403,4762,5123,9882,49,54,103,4347,4480,8825,212,217,431,4602,4748,9352,46,35,76,3737,4021,7757,165,138,308,3943,4199,8143,58,73,131,11294,13233,24526,604,729,1334,11951,14040,25996,942,1012,1962,81958,82630,164583,4423,4214,8638,87327,87860,175184
LGA10550,814,1502,45,48,95,758,887,1646,32,34,66,857,940,1802,76,66,139,967,1040,2002,29,28,66,990,1136,2125,77,75,150,1097,1243,2343,45,43,87,1162,1415,2571,95,95,194,1300,1553,2852,30,32,61,1529,1701,3225,88,101,194,1649,1833,3483,64,48,111,4762,4858,9615,346,338,685,5164,5243,10408,688,696,1386,15752,16465,32217,1190,1152,2342,17628,18307,35942
LGA10600,308,578,30,33,61,312,343,652,18,21,33,333,412,741,40,39,74,388,468,850,11,15,29,363,452,816,33,35,69,414,501,916,15,17,34,438,526,969,28,36,64,479,583,1065,15,13,31,522,592,1115,34,21,57,565,636,1196,21,13,41,1623,1678,3310,103,106,217,1752,1809,3558,272,292,562,5693,6070,11762,464,465,927,6423,6827,13253
LGA10650,209,379,19,14,31,193,236,431,11,10,15,212,212,423,20,24,45,239,244,482,3,8,9,223,203,426,19,33,47,250,241,484,7,9,9,226,249,469,19,25,41,247,276,523,0,6,9,315,358,675,38,30,69,354,394,752,16,12,24,1278,1274,2556,127,120,247,1421,1409,2832,131,130,263,3750,3879,7626,383,391,773,4261,4402,8665
LGA10750,14025,29069,675,691,1366,15961,14991,30947,243,290,543,12101,11610,23707,609,543,1149,12956,12449,25402,259,320,579,10209,10445,20655,475,449,926,10950,11211,22165,187,217,407,9410,9579,18989,406,352,760,10006,10152,20158,139,169,302,8067,8611,16679,367,369,732,8568,9143,17714,240,322,563,18927,22165,41094,923,1185,2104,20092,23669,43764,5792,6017,11812,182366,183324,365693,9712,9558,19272,197876,198905,396776
LGA10800,139,271,20,22,37,158,162,325,6,10,17,134,141,279,16,11,25,159,156,317,9,7,15,136,152,289,13,10,24,158,169,328,5,10,19,190,137,325,22,8,28,215,153,371,9,4,19,183,184,373,17,15,33,213,205,421,16,11,25,547,577,1124,55,63,116,616,656,1268,192,175,365,2352,2347,4693,253,237,489,2790,2758,5547
LGA10850,182,354,7,11,16,179,208,383,8,11,16,202,220,418,15,15,28,228,237,462,11,12,27,225,252,477,24,17,45,258,280,544,13,8,22,245,233,479,21,15,33,275,263,538,6,6,11,248,268,518,22,21,45,281,293,572,9,4,14,701,683,1385,62,55,121,772,746,1517,226,209,433,3255,3337,6588,243,232,478,3721,3778,7497
LGA10900,2432,4639,70,78,147,2336,2567,4905,54,70,123,2498,2696,5188,81,94,175,2633,2856,5489,38,64,100,2532,2699,5227,62,78,144,2631,2840,5472,47,51,94,2405,2749,5155,74,81,155,2524,2880,5408,36,51,86,2593,2974,5573,76,66,144,2704,3090,5794,64,80,146,7682,9055,16738,284,375,657,8031,9503,17539,1011,1091,2101,35655,37915,73569,1196,1252,2449,37865,40258,78121
LGA10950,44,83,4,4,7,48,50,103,7,9,17,61,70,128,8,3,12,75,87,160,8,15,24,76,62,139,5,8,15,85,90,174,10,5,22,80,64,148,16,8,23,108,79,188,7,9,18,48,54,105,8,7,11,64,69,132,12,15,30,208,222,429,21,17,38,244,252,498,205,232,440,939,911,1845,101,82,184,1240,1225,2467
LGA11150,39,70,12,9,23,58,69,122,20,30,49,35,29,62,5,12,13,61,63,128,25,26,50,45,50,97,15,13,26,95,86,173,22,15,39,50,50,104,12,8,19,81,82,164,21,28,46,47,38,89,9,11,18,82,76,158,27,35,60,127,116,248,27,23,41,174,173,356,345,365,708,654,627,1283,162,180,342,1164,1178,2340
LGA11200,6,21,6,3,4,25,25,49,11,20,35,3,15,21,3,8,9,21,38,63,23,29,53,17,17,34,7,8,20,51,59,104,27,21,45,25,19,47,6,7,16,65,48,109,22,22,45,22,16,36,6,7,15,52,50,100,35,46,84,53,42,87,21,10,31,105,99,204,340,362,697,238,217,453,99,104,204,676,679,1356
LGA11250,374,727,45,45,95,437,458,894,41,46,95,386,394,782,33,37,68,467,477,944,38,48,86,458,433,895,54,34,85,547,517,1066,29,27,56,520,566,1086,37,37,74,591,629,1218,35,32,64,582,625,1214,37,37,72,655,696,1348,37,49,90,1682,1971,3660,127,211,333,1846,2232,4080,858,891,1751,7027,7397,14423,687,730,1416,8565,9020,17588
LGA11300,1029,2058,39,36,77,1071,1075,2141,0,3,7,1027,1144,2169,45,45,83,1066,1191,2257,0,0,9,978,1176,2159,36,42,82,1022,1226,2245,3,3,3,1000,1077,2070,25,31,58,1024,1112,2137,0,3,5,903,969,1868,51,42,93,961,1015,1970,5,12,17,2525,3106,5632,187,328,517,2722,3445,6167,76,86,160,18666,19481,38146,917,992,1912,19657,20556,40217
LGA11350,1176,2204,128,121,252,1181,1319,2500,25,24,52,1093,1283,2370,127,140,269,1247,1444,2695,22,18,40,1030,1218,2246,104,124,221,1151,1351,2506,18,20,35,1061,1186,2247,103,114,220,1178,1320,2494,15,16,33,1163,1267,2428,118,121,238,1295,1406,2700,27,22,53,2999,3093,6093,302,257,556,3329,3375,6703,343,343,685,15272,16689,31961,1702,1767,3460,17313,18800,36116
LGA11400,351,692,29,27,56,384,394,780,15,19,29,395,417,817,36,40,73,442,474,916,18,17,32,407,413,821,29,30,59,453,461,911,22,18,42,421,467,887,37,27,68,474,517,993,6,14,22,451,452,905,36,27,62,495,497,996,28,16,44,1361,1365,2721,102,99,203,1490,1483,2973,350,336,693,6023,6102,12124,473,474,952,6851,6915,13766
LGA11450,4011,7986,120,125,241,4194,4235,8423,75,93,165,3747,3747,7499,105,78,185,3928,3924,7853,61,66,128,3056,3087,6148,78,70,151,3193,3232,6429,50,59,111,2512,2771,5285,71,73,141,2636,2900,5538,47,50,102,2148,2411,4565,57,72,125,2253,2538,4790,61,93,151,5207,6139,11343,168,183,355,5438,6413,11847,1888,1984,3868,55046,57090,112138,1646,1667,3314,58587,60735,119325
LGA11500,5453,11196,301,304,600,6198,5980,12172,133,188,319,4930,4884,9809,296,264,562,5362,5333,10694,133,157,292,4319,4570,8883,216,196,414,4670,4923,9592,103,140,243,4475,4879,9358,218,214,432,4795,5231,10027,85,128,211,4313,4637,8945,156,157,313,4553,4919,9472,150,209,354,10251,11786,22033,460,608,1069,10860,12602,23459,3421,3784,7205,78919,81643,160565,4301,4445,8747,86646,89874,176519
LGA11520,3110,6045,105,111,212,3057,3231,6284,13,10,27,2732,3133,5866,80,85,169,2823,3232,6059,11,14,28,2546,2942,5484,89,78,162,2649,3024,5675,12,11,24,2447,2850,5297,67,80,149,2524,2946,5470,11,11,24,2144,2488,4633,59,68,132,2216,2568,4782,12,23,32,6381,7825,14204,313,486,797,6705,8327,15033,262,239,502,41089,44275,85370,1603,1699,3304,42959,46218,89177
LGA11570,11348,22495,729,686,1417,11939,12113,24045,72,90,158,10690,11104,21791,645,620,1268,11408,11816,23222,71,86,158,10264,10901,21170,568,558,1124,10900,11549,22450,62,72,136,10253,10460,20715,557,530,1087,10877,11062,21938,58,61,122,9337,9621,18956,474,431,903,9870,10114,19985,105,130,239,24446,27530,51979,1561,1858,3423,26117,29515,55638,1333,1473,2805,173575,172867,346445,11103,10654,21759,186002,184997,371006
LGA11600,69,133,9,10,19,83,80,164,3,4,4,67,58,131,14,9,16,85,73,161,3,3,13,96,69,165,21,12,34,126,84,209,8,0,18,80,76,154,11,11,16,108,85,189,4,9,13,91,65,162,11,18,26,108,94,199,11,7,15,197,175,371,27,21,47,235,203,435,124,125,253,1229,1066,2296,172,144,321,1527,1343,2866
LGA11650,9712,18835,443,469,909,9954,10620,20567,371,420,786,9740,10445,20185,488,485,975,10598,11343,21944,362,441,807,9931,10623,20554,494,384,876,10791,11447,22238,322,407,727,10037,10814,20852,442,459,901,10807,11674,22485,257,315,572,9821,11225,21045,401,378,779,10482,11913,22398,485,575,1055,32599,39537,72132,1594,2155,3748,34674,42264,76941,8392,8655,17047,152076,162064,314135,7513,7909,15418,167980,178618,346596
LGA11700,18,43,3,9,17,44,46,91,21,16,38,25,22,50,9,11,21,59,48,111,15,29,44,23,25,55,4,10,10,51,63,110,13,19,32,24,28,53,12,17,32,58,61,120,11,15,26,41,32,73,19,8,21,65,53,122,33,21,51,138,101,241,30,28,59,203,147,352,295,331,630,412,355,764,169,160,329,876,846,1725
LGA11720,1525,3206,80,83,157,1937,1760,3695,138,147,286,1698,1645,3343,61,87,152,1898,1884,3777,146,149,292,1795,1714,3501,95,75,172,2031,1937,3970,116,108,226,1649,1671,3317,83,72,157,1846,1856,3703,96,123,218,1754,1823,3580,80,61,142,1933,2007,3936,151,172,322,4819,5191,10010,242,252,495,5218,5617,10828,3395,3086,6480,27244,27134,54378,1393,1375,2773,32030,31603,63632
LGA11730,1180,2295,106,105,211,1325,1379,2698,102,122,224,1320,1360,2680,121,107,227,1546,1581,3129,113,120,236,1386,1562,2948,110,100,212,1608,1781,3394,106,96,199,1718,1803,3523,142,102,246,1966,2005,3976,76,77,154,1963,2065,4035,143,105,245,2183,2253,4436,140,179,318,6720,7056,13782,370,359,728,7232,7597,14832,2299,2095,4391,23005,23357,46360,1759,1608,3362,27064,27059,54115
LGA11750,67,155,14,15,31,117,101,224,16,18,32,85,80,160,17,9,30,116,109,221,13,15,23,90,69,156,21,18,38,124,98,219,9,14,24,111,104,211,25,16,34,142,132,275,8,13,19,128,98,224,20,19,35,156,123,280,29,24,51,271,265,537,42,46,90,344,337,680,269,310,579,1488,1383,2869,304,303,610,2062,1993,4059
LGA11800,2124,4016,151,123,275,2137,2391,4535,105,116,223,2097,2312,4407,137,118,250,2341,2545,4889,100,131,230,2113,2343,4462,127,118,248,2345,2591,4933,76,102,179,2177,2464,4639,118,123,243,2369,2696,5064,102,93,187,2395,2685,5075,137,112,250,2629,2887,5518,123,168,289,7876,8933,16808,476,650,1126,8480,9745,18225,2196,2363,4558,33637,36139,69779,2175,2244,4418,38010,40746,78759
LGA12000,107,208,8,9,12,121,118,236,4,3,11,110,111,217,6,9,20,118,128,245,7,9,14,119,143,257,3,8,16,126,153,286,0,7,8,138,133,271,8,8,6,145,141,290,3,10,13,129,149,274,6,14,24,141,167,307,4,8,12,485,477,965,33,26,57,523,516,1034,98,145,244,1935,1956,3893,125,122,252,2166,2227,4385
LGA12150,42,78,14,11,23,78,91,164,30,38,69,46,55,98,10,11,20,84,108,192,37,43,77,75,66,141,14,15,26,128,120,248,37,34,73,81,75,160,15,17,35,137,122,265,24,26,51,74,97,171,12,12,22,115,135,247,55,66,114,273,252,528,34,45,78,361,363,724,634,637,1267,982,968,1951,258,256,515,1865,1861,3732
LGA12160,249,476,25,20,44,268,283,553,22,16,38,263,298,565,27,30,54,308,348,661,11,15,26,279,302,581,24,12,34,314,327,645,17,17,37,341,351,691,38,23,62,393,390,784,23,14,39,388,413,805,25,20,48,442,447,894,39,42,84,1419,1520,2942,92,113,199,1552,1679,3227,379,345,728,4879,4986,9865,422,394,814,5672,5732,11403
LGA12350,253,515,20,16,40,311,295,608,25,27,49,301,318,619,28,23,49,351,369,722,34,32,60,345,359,706,43,27,69,421,419,838,36,24,56,390,379,766,32,29,58,455,420,880,21,21,41,390,398,784,32,23,50,437,442,876,40,43,87,1480,1616,3098,107,94,204,1621,1757,3382,551,572,1126,5263,5371,10636,501,458,956,6316,6409,12724
LGA12380,6806,14807,606,463,1074,8649,7312,15958,36,42,82,6392,5961,12349,467,385,850,6898,6389,13285,35,44,83,5906,5963,11874,426,326,756,6371,6339,12713,38,43,82,5750,5769,11522,344,358,699,6138,6172,12308,25,34,55,5027,5178,10202,303,291,599,5351,5504,10858,73,73,148,12614,13973,26590,790,852,1641,13482,14895,28375,703,808,1516,112580,106055,218628,8216,7072,15292,121502,113938,235439
LGA12390,1235,2418,141,148,288,1520,1592,3104,196,216,413,1188,1185,2366,134,130,265,1516,1527,3049,198,243,442,1225,1305,2533,117,136,254,1538,1688,3230,188,189,371,1235,1330,2562,135,106,237,1554,1618,3176,144,165,313,1326,1412,2734,110,105,210,1577,1677,3251,270,295,565,3827,4416,8239,312,368,677,4405,5080,9485,4597,4504,9101,20264,21060,41324,2273,2214,4494,27139,27784,54922
LGA12700,240,470,15,18,32,260,271,531,15,12,24,260,282,543,7,11,25,284,301,588,24,7,35,281,313,596,8,15,22,314,340,655,16,18,37,338,360,704,13,15,26,370,393,759,19,16,37,361,351,713,12,15,21,391,377,771,26,21,53,991,955,1949,43,53,102,1061,1032,2099,355,332,690,4198,4229,8426,209,211,423,4761,4781,9541
LGA12730,182,362,26,26,50,213,218,424,5,13,21,204,229,432,21,22,48,227,266,499,5,13,16,231,238,467,25,14,40,264,257,528,10,8,18,239,289,524,22,34,51,263,326,594,7,9,18,303,295,599,31,20,58,341,330,671,21,13,35,944,986,1925,66,72,137,1025,1069,2098,190,220,410,3579,3704,7284,400,364,759,4170,4286,8456
LGA12750,816,1505,69,81,148,822,964,1787,54,78,135,919,970,1886,86,96,182,1063,1140,2203,68,75,142,1061,1194,2245,95,77,172,1219,1341,2562,58,76,132,1259,1463,2725,119,107,222,1434,1643,3076,49,67,118,1673,1841,3516,122,100,219,1846,2006,3850,95,116,210,5962,6326,12295,399,412,813,6460,6858,13316,1218,1249,2466,17219,18012,35225,1461,1435,2899,19892,20696,40593
LGA12850,6185,11547,361,332,689,5750,6556,12304,29,35,66,5907,6686,12590,340,327,671,6277,7044,13316,29,43,70,6407,6779,13182,319,294,611,6751,7116,13872,22,54,74,6702,6710,13410,359,283,646,7084,7047,14129,35,43,76,6433,6779,13210,255,274,535,6722,7089,13816,58,67,131,15477,17648,33122,807,915,1721,16345,18629,34970,729,799,1525,96856,99666,196519,5286,5136,10425,102874,105605,208475
LGA12870,289,550,24,30,52,283,328,607,9,9,15,319,314,631,26,28,58,357,352,708,13,9,23,358,391,751,25,16,44,396,418,819,3,9,17,421,429,840,31,27,58,453,461,914,3,5,9,477,485,966,25,37,68,517,525,1042,19,17,30,1780,1859,3639,122,123,243,1920,1997,3918,156,147,300,5815,5898,11710,453,432,887,6429,6471,12899
LGA12900,195,393,26,18,47,256,241,499,32,26,57,192,217,401,18,16,31,235,257,489,29,39,66,221,236,456,27,22,52,279,295,576,33,31,61,251,268,513,27,36,65,312,333,643,18,24,43,265,235,494,19,15,39,301,273,576,43,55,98,947,967,1917,75,70,145,1068,1087,2154,594,642,1236,3642,3707,7352,367,371,734,4597,4716,9319
LGA12930,4810,9279,171,165,329,4648,5003,9651,26,29,54,4354,4833,9194,150,177,323,4527,5044,9571,18,37,46,4343,4822,9163,140,137,280,4500,4995,9492,33,20,53,4587,4745,9330,148,136,282,4767,4901,9668,20,27,48,4083,4597,8684,126,130,253,4231,4756,8986,28,47,79,11527,13806,25334,388,548,941,11948,14405,26354,482,554,1036,71960,74049,146013,2582,2644,5223,75024,77250,152274
LGA12950,88,158,16,26,39,95,123,219,25,20,45,87,86,171,6,16,23,117,126,245,22,18,43,108,113,217,18,16,37,153,141,290,19,16,31,126,128,247,25,16,39,166,154,318,15,14,31,124,143,277,11,15,27,158,174,334,34,43,70,436,426,863,49,50,93,515,514,1031,317,300,621,1558,1621,3187,245,249,490,2122,2174,4295
LGA13010,182,362,16,16,35,211,217,427,18,15,41,219,216,439,25,23,48,269,255,526,23,22,46,200,260,458,20,22,44,245,306,552,14,23,34,257,288,547,29,35,57,303,340,638,25,24,41,356,321,676,36,24,60,415,360,778,17,36,49,1115,1175,2291,93,99,194,1224,1311,2535,339,338,677,3656,3778,7431,417,401,820,4409,4518,8931
LGA13310,801,1607,61,53,113,898,887,1781,40,37,83,871,906,1779,58,55,111,977,999,1967,43,43,87,915,916,1834,62,41,99,1016,994,2014,38,31,68,1016,1003,2022,63,48,109,1109,1083,2196,30,23,48,960,959,1920,59,55,115,1057,1027,2083,42,46,94,2909,3329,6233,173,183,353,3125,3558,6687,833,787,1619,14331,14209,28539,978,914,1889,16141,15909,32053
LGA13340,287,539,22,26,51,282,330,610,8,3,8,287,292,583,33,30,56,323,328,654,4,13,15,300,342,645,30,32,58,342,385,724,8,7,13,359,361,717,43,32,80,408,400,813,12,7,19,391,371,763,36,36,71,442,417,853,18,13,32,1166,1057,2227,97,99,195,1280,1175,2457,194,183,376,5012,4879,9888,451,435,885,5657,5492,11157
LGA13450,716,1453,67,55,121,829,808,1636,27,37,67,743,736,1481,71,63,135,841,835,1679,28,42,67,763,809,1566,73,46,115,862,895,1749,27,39,68,742,759,1494,54,43,90,818,834,1654,26,31,53,738,666,1403,57,48,105,821,742,1561,35,43,80,1850,2166,4010,200,201,398,2081,2408,4494,700,736,1434,11877,11828,23708,1015,928,1943,13591,13494,27086
LGA13550,299,584,32,23,59,355,367,720,29,37,68,286,260,552,34,27,64,346,332,684,34,51,89,275,308,579,16,25,47,330,387,711,35,41,78,323,305,627,33,25,57,388,370,760,37,39,83,351,341,691,23,23,43,411,398,813,53,79,123,1007,1098,2103,112,113,219,1168,1283,2452,1013,1008,2021,4860,4954,9812,568,534,1096,6438,6495,12929
LGA13660,101,198,12,12,24,124,118,236,3,9,13,108,130,239,8,15,27,120,157,277,6,10,22,141,142,282,19,11,35,172,166,338,10,7,16,149,161,312,17,15,32,176,185,363,8,10,19,182,165,347,17,16,31,205,188,396,17,13,31,605,653,1259,58,41,99,683,711,1391,160,177,343,2066,2084,4149,220,200,424,2447,2465,4910
LGA13800,1822,3630,79,82,158,1936,1972,3906,58,75,132,2010,2144,4160,95,73,170,2166,2295,4459,59,89,150,2106,2290,4394,101,73,179,2266,2454,4720,56,83,138,2100,2097,4198,95,91,186,2249,2267,4515,62,49,105,1932,1952,3884,71,73,140,2066,2066,4134,100,96,199,4881,5534,10416,236,290,526,5223,5920,11137,1653,1608,3252,30360,30821,61186,1447,1324,2766,33461,33755,67207
LGA13850,60,99,9,14,23,57,75,132,4,4,8,53,58,119,7,6,17,64,76,138,11,5,13,85,79,158,13,11,21,103,88,195,15,10,22,106,108,215,13,13,23,135,136,267,9,4,11,113,111,226,18,9,19,136,126,254,11,8,19,269,313,586,44,27,73,327,348,674,140,101,238,1130,1185,2321,178,153,324,1448,1436,2882
LGA13910,463,874,44,46,93,477,527,1006,13,20,39,498,468,961,46,27,73,560,516,1076,27,31,50,490,584,1070,41,49,95,552,657,1214,24,34,53,606,613,1218,60,47,105,680,690,1371,20,20,40,607,613,1225,58,52,112,690,686,1373,40,51,88,2059,2186,4241,141,156,304,2238,2392,4628,482,496,974,8287,8633,16918,699,659,1355,9469,9787,19254
LGA14000,5925,11356,124,115,243,5579,6055,11630,39,36,76,5464,5645,11113,103,99,196,5612,5780,11385,22,25,49,4934,5459,10395,101,75,177,5056,5562,10620,27,22,45,4674,4911,9588,93,89,181,4792,5022,9818,24,12,38,4187,4546,8729,80,64,145,4292,4622,8912,34,33,67,12135,14505,26632,329,431,761,12499,14964,27463,459,401,859,72292,75444,147741,1605,1607,3213,74360,77455,151811
LGA14100,428,781,15,20,35,372,450,821,0,5,5,464,484,949,14,15,32,479,508,988,0,0,0,474,519,993,20,14,35,497,536,1034,0,5,3,434,466,895,9,14,23,441,478,920,0,0,3,371,393,769,12,8,22,382,410,796,3,5,4,1349,1747,3101,45,89,138,1402,1839,3243,38,30,71,6317,6692,13011,234,247,482,6597,6962,13559
LGA14170,6892,13523,289,245,528,6982,7187,14167,67,71,134,6384,6732,13114,255,223,485,6706,7031,13736,58,78,138,5746,6041,11781,242,202,446,6045,6321,12368,49,73,115,5111,5216,10329,242,165,412,5401,5456,10858,37,54,91,4109,4425,8535,223,131,355,4375,4611,8990,76,100,173,10935,13430,24363,600,558,1157,11613,14085,25696,1021,1141,2162,84432,89158,173585,3715,3346,7066,89169,93648,182818
LGA14220,375,728,43,42,79,432,467,898,20,47,75,412,444,857,53,55,105,491,543,1036,46,60,106,446,463,917,58,53,112,555,577,1130,47,38,84,485,491,980,46,50,96,581,581,1160,33,42,74,501,533,1033,42,52,91,576,631,1206,68,82,146,1718,1903,3617,158,145,301,1940,2125,4067,956,1017,1975,7015,7274,14297,807,784,1587,8780,9072,17853
LGA14300,113,304,10,6,16,234,132,363,34,9,46,214,150,366,16,10,25,269,169,434,18,14,28,194,168,357,9,7,18,226,181,406,9,6,18,199,168,368,13,12,23,224,184,408,12,3,11,209,203,418,18,9,28,240,218,460,5,15,18,577,569,1144,34,39,75,618,615,1235,432,161,587,3057,2440,5499,174,152,327,3664,2756,6415
LGA14350,602,1200,56,69,120,750,768,1515,84,96,187,649,686,1335,79,60,138,818,842,1659,84,106,192,792,787,1579,65,80,139,939,972,1909,96,106,203,892,999,1888,87,66,156,1071,1179,2253,79,96,179,1108,1105,2215,60,67,124,1250,1275,2520,130,156,284,3631,3670,7303,221,238,458,3979,4068,8052,2013,1946,3959,12318,12213,24530,1096,1106,2200,15426,15262,30688
LGA14400,604,1156,12,19,37,571,639,1218,16,10,27,606,693,1294,25,30,52,648,732,1376,18,19,35,623,675,1295,34,22,58,669,714,1388,10,17,33,716,782,1499,30,17,50,759,818,1577,14,16,27,823,943,1763,32,34,64,864,995,1860,26,21,44,2820,3191,6010,156,151,308,2998,3361,6363,259,272,534,10502,11144,21653,456,427,889,11220,11851,23074
LGA14500,4713,8726,68,56,125,4086,4783,8874,8,15,20,4289,4940,9232,72,78,153,4369,5035,9405,14,11,27,4383,4852,9233,84,84,167,4482,4950,9428,9,13,19,3958,4162,8120,73,67,139,4031,4236,8270,8,8,14,3305,3512,6816,68,62,125,3386,3578,6962,12,12,27,10533,12753,23287,281,400,685,10830,13169,23999,153,144,299,58527,62807,121334,1169,1271,2439,59850,64222,124076
LGA14550,193,377,26,28,51,218,237,455,12,9,26,212,259,473,22,23,42,242,298,542,9,12,27,256,289,544,28,35,62,290,339,629,9,16,32,366,362,730,40,47,87,420,423,842,15,19,33,454,404,854,45,35,79,513,457,962,18,24,43,1152,1117,2273,85,86,174,1260,1228,2487,259,268,525,3970,4017,7984,421,429,850,4648,4708,9359
LGA14600,115,232,13,12,28,153,156,312,24,37,62,124,122,249,24,19,40,166,179,344,27,32,59,128,129,254,21,22,46,172,185,357,25,36,61,131,132,264,21,22,46,181,189,366,26,35,58,189,158,346,30,21,50,239,210,450,54,47,103,538,554,1096,52,52,101,643,658,1299,521,590,1118,2182,2103,4289,333,354,689,3046,3048,6094
LGA14650,6005,11557,248,192,437,6083,6490,12574,257,308,567,6014,6387,12402,221,217,440,6496,6911,13413,259,270,527,6169,6335,12498,202,138,336,6628,6735,13362,212,247,460,5946,6593,12532,224,195,419,6379,7035,13417,182,171,356,6277,6824,13104,202,208,407,6666,7205,13864,353,415,768,20352,24206,44559,779,969,1751,21480,25595,47076,5859,5899,11759,94823,100066,194889,3632,3570,7196,104311,109529,213845
LGA14700,1624,3131,44,51,98,1552,1683,3236,10,3,16,1289,1404,2685,28,31,59,1321,1445,2763,0,6,8,1171,1235,2404,36,28,63,1206,1270,2474,5,4,8,995,1093,2093,26,24,48,1026,1120,2148,3,4,4,848,941,1788,25,24,48,872,976,1845,3,6,6,2439,2937,5376,99,183,277,2537,3123,5660,80,69,152,18661,19398,38059,571,664,1233,19305,20130,39438
LGA14750,281,525,23,20,45,270,321,596,16,19,39,289,279,570,37,20,56,339,320,656,20,6,26,316,315,638,26,35,61,366,361,727,15,15,34,329,302,622,25,29,53,370,345,716,13,13,28,311,338,654,28,26,56,357,381,736,21,20,44,877,1002,1881,65,62,129,963,1091,2056,390,432,823,4808,4916,9721,449,460,908,5643,5808,11452
LGA14850,1237,2331,87,113,202,1243,1425,2667,63,78,141,1231,1339,2573,115,102,214,1416,1517,2929,76,71,143,1288,1418,2704,124,77,208,1485,1569,3055,60,61,124,1436,1463,2895,108,97,207,1608,1621,3227,63,61,118,1527,1577,3097,103,91,190,1689,1725,3411,66,81,151,3955,4539,8493,287,304,595,4317,4921,9240,1307,1290,2600,18855,19710,38564,1602,1564,3164,21758,22573,44334
LGA14870,441,887,41,36,75,533,516,1051,45,51,97,545,563,1113,36,44,79,622,666,1286,39,34,76,588,581,1166,50,34,90,675,652,1325,41,38,83,670,733,1403,56,36,91,767,809,1579,32,21,54,730,714,1444,50,40,89,810,783,1589,74,67,139,2227,2435,4661,162,146,305,2458,2648,5107,861,761,1621,8937,8929,17867,728,621,1350,10529,10313,20842
LGA14900,7610,15016,448,452,903,7940,8166,16101,74,100,172,7002,7379,14380,381,362,746,7460,7842,15301,78,101,183,6665,6866,13526,289,300,591,7027,7268,14296,75,82,152,6515,6273,12788,348,270,621,6940,6623,13565,52,79,125,5400,5591,10997,249,232,481,5700,5908,11601,99,128,226,11799,13244,25043,830,877,1702,12724,14245,26976,1839,1999,3838,107861,109156,217016,6467,6126,12595,116163,117283,233446
LGA14920,148,284,20,25,45,181,197,372,24,34,57,158,168,329,30,32,60,214,235,452,37,35,68,189,200,390,28,22,53,255,258,508,28,33,58,218,205,425,26,30,55,270,263,535,31,27,59,245,243,484,30,26,52,304,296,603,63,74,135,760,776,1538,100,95,195,923,940,1864,543,580,1121,2823,2793,5621,421,387,812,3789,3761,7551
LGA14950,67,139,6,5,14,81,74,157,5,5,6,80,86,166,7,9,11,88,101,188,3,10,8,92,79,171,13,9,20,109,96,200,3,4,6,117,118,236,13,14,24,136,137,269,5,4,8,123,118,238,5,4,15,133,129,257,15,9,18,370,353,727,27,35,64,413,397,805,80,87,162,1435,1457,2892,135,127,261,1649,1669,3319
LGA15050,2647,5206,112,102,213,2828,2901,5728,167,147,318,2419,2629,5046,92,79,168,2678,2862,5539,113,166,277,2397,2617,5018,82,72,161,2599,2852,5451,96,133,220,2217,2438,4655,81,72,154,2392,2644,5035,71,99,168,2178,2415,4592,75,69,143,2324,2584,4906,116,171,291,6078,7146,13222,204,290,496,6395,7613,14004,3235,3507,6738,39070,41270,80339,1609,1538,3141,43917,46310,90226
LGA15240,1961,3685,125,171,299,2010,2275,4284,167,185,355,2128,2281,4412,178,174,354,2479,2643,5122,158,181,335,2439,2682,5119,192,145,341,2780,3010,5795,145,172,315,2926,3251,6176,222,211,439,3293,3633,6930,150,193,340,3636,4073,7710,238,206,443,4021,4467,8489,295,306,598,14407,15326,29732,847,887,1729,15550,16519,32069,3462,3553,7016,40586,42920,83503,3039,3020,6061,47086,49495,96579
LGA15270,647,1246,65,60,122,690,746,1436,35,50,78,663,699,1356,61,57,113,754,799,1553,58,52,108,778,777,1552,64,55,120,897,880,1779,37,49,89,781,768,1548,63,69,136,887,889,1772,32,35,67,777,753,1530,71,56,125,879,846,1723,66,43,115,2364,2468,4833,177,192,366,2613,2704,5317,887,862,1751,11071,11015,22089,981,886,1872,12945,12766,25713
LGA15300,226,443,94,89,180,366,401,765,69,74,143,220,239,453,68,72,142,353,385,740,82,86,173,275,249,523,95,81,173,454,413,868,63,84,147,292,265,561,95,98,189,454,447,903,49,61,106,302,266,572,69,66,142,427,397,822,111,109,223,784,767,1551,176,169,344,1073,1047,2121,1199,1338,2535,3907,3772,7678,1272,1266,2533,6376,6369,12751
LGA15350,989,1781,33,23,54,817,1013,1828,5,3,9,926,1118,2042,23,43,62,949,1158,2109,5,0,5,922,1143,2068,31,28,54,957,1173,2125,3,0,5,848,1052,1899,30,24,53,879,1079,1960,0,0,3,810,893,1710,27,34,54,841,928,1766,7,0,4,2547,3459,6008,84,106,189,2640,3571,6209,49,33,82,12581,14823,27410,402,436,837,13033,15294,28329
LGA15520,281,562,24,27,49,317,310,628,15,16,35,324,320,648,31,15,52,374,354,729,10,18,21,343,382,729,29,25,54,379,423,802,7,12,18,365,431,796,30,39,67,408,477,882,15,16,33,464,478,947,38,35,70,513,533,1048,25,25,47,1700,1651,3349,134,127,265,1855,1803,3659,231,259,492,5689,5744,11432,492,438,926,6409,6441,12850
LGA15560,70,150,8,11,18,98,85,184,9,5,15,79,82,159,6,9,20,96,97,188,10,15,20,91,100,188,10,10,17,102,120,224,11,11,21,119,108,225,10,6,18,139,127,267,8,9,14,127,120,246,8,9,26,149,136,284,10,18,24,324,299,622,41,41,81,372,354,727,148,146,290,1444,1318,2762,155,142,302,1751,1601,3353
LGA15650,412,882,43,32,73,551,485,1029,29,39,68,453,436,888,37,32,67,525,508,1030,34,31,69,484,476,963,28,28,56,550,535,1086,38,46,79,517,461,974,30,32,66,581,542,1125,27,29,58,388,374,759,21,12,31,440,421,857,32,42,72,1086,1165,2253,59,74,130,1177,1281,2447,1007,892,1908,6868,6606,13474,524,457,978,8397,7957,16357
LGA15700,425,781,36,34,69,419,498,918,37,39,79,455,502,953,37,42,78,532,588,1115,34,51,90,475,535,1016,52,41,94,560,639,1195,47,47,91,645,733,1378,44,51,99,735,834,1566,45,50,93,788,867,1661,78,62,142,909,987,1894,74,78,147,2768,2884,5655,169,170,336,3005,3131,6138,803,828,1632,8406,8889,17293,729,747,1475,9937,10463,20407
LGA15750,252,525,39,39,76,346,332,683,42,47,91,293,287,583,49,38,89,380,380,761,34,52,86,328,277,604,61,41,100,422,368,788,34,50,85,365,361,726,45,52,98,444,460,908,48,41,87,372,345,718,60,48,110,479,439,918,73,62,134,985,1094,2083,122,107,224,1178,1261,2436,918,965,1881,4779,4714,9501,702,619,1322,6397,6307,12703
LGA15800,115,228,14,20,31,150,153,307,10,22,33,135,149,279,9,8,21,155,178,328,17,9,25,146,140,284,16,17,30,175,164,343,13,21,36,145,174,322,13,7,19,170,208,379,17,21,34,195,181,377,18,16,32,231,213,440,27,23,47,559,624,1184,52,46,101,634,693,1326,359,362,723,2186,2277,4467,268,237,501,2823,2873,5698
LGA15850,115,210,19,27,45,147,171,318,25,23,51,140,116,259,27,18,47,195,165,360,22,47,66,118,125,243,20,16,30,159,187,347,26,27,54,154,159,311,28,31,57,207,215,420,14,30,46,190,156,345,13,20,37,221,205,425,67,52,120,538,559,1101,94,87,177,694,698,1388,652,650,1300,2151,2078,4224,416,414,834,3218,3144,6360
LGA15900,4851,9526,220,175,391,5042,5202,10244,172,188,359,4726,4951,9678,230,200,431,5129,5343,10471,176,190,365,4607,4860,9467,205,160,363,4986,5209,10195,161,149,307,4519,4632,9152,203,192,396,4879,4975,9857,103,141,249,4255,4608,8868,165,135,296,4530,4887,9415,177,235,416,12131,14570,26702,612,913,1531,12924,15726,28649,3649,3762,7410,75763,78635,154396,3567,3495,7064,82975,85893,168873
LGA15950,2734,5245,96,110,197,2617,2847,5461,16,8,25,2099,2289,4391,84,74,157,2201,2372,4570,9,6,10,1849,2225,4073,69,78,147,1915,2310,4228,7,11,19,1703,1931,3638,77,66,146,1786,2009,3794,0,4,6,1602,1894,3495,73,73,143,1672,1967,3644,9,13,25,4832,6032,10868,260,343,601,5108,6390,11495,131,150,278,31062,34973,66037,1251,1384,2630,32443,36505,68950
LGA15990,9179,17813,280,249,524,8954,9462,18426,61,63,116,9648,10229,19870,263,264,527,9969,10551,20517,59,46,106,9087,9787,18876,259,246,507,9403,10080,19492,53,41,87,8396,8600,16989,234,198,428,8672,8835,17513,43,34,71,7119,7355,14475,207,212,420,7372,7603,14968,78,59,136,20960,25122,46084,773,964,1738,21816,26144,47957,917,791,1706,124238,129964,254201,3774,3874,7647,128929,134623,263554
LGA16100,115,248,22,25,49,163,145,305,9,15,23,147,139,289,16,15,25,169,168,337,10,10,18,181,171,348,16,15,35,205,197,403,8,6,14,203,168,371,18,6,29,233,179,416,3,0,8,186,181,370,22,19,40,215,197,413,14,12,24,601,598,1200,88,75,165,702,689,1390,143,115,260,2443,2265,4704,331,282,614,2915,2662,5580
LGA16150,1185,2239,69,60,123,1186,1310,2499,78,70,154,1160,1193,2352,78,56,134,1319,1323,2643,73,91,161,1052,1142,2193,52,56,111,1176,1289,2466,59,61,118,1028,1137,2163,66,59,126,1152,1263,2408,39,39,82,1027,1158,2188,52,49,102,1122,1243,2367,60,88,148,3259,3948,7206,209,253,467,3528,4285,7817,1642,1683,3330,18423,19502,37920,1120,1150,2264,21178,22333,43512
LGA16200,308,629,37,23,67,400,375,771,38,52,91,313,344,654,27,31,61,378,424,807,40,37,77,371,362,733,31,24,56,441,422,868,40,40,83,404,391,796,41,33,78,481,465,949,44,47,93,413,393,810,31,30,58,494,470,968,60,67,130,1256,1430,2692,75,83,162,1396,1587,2982,937,947,1887,5699,5782,11483,519,473,991,7154,7208,14361
LGA16260,8795,18417,422,383,806,10117,9227,19343,91,65,152,7350,7525,14881,293,268,560,7735,7855,15589,65,40,108,6284,6672,12956,245,200,447,6595,6915,13506,40,38,73,5997,6468,12470,240,172,408,6278,6676,12955,29,35,61,5467,5920,11383,204,190,396,5696,6139,11834,55,49,104,14289,16510,30801,547,744,1294,14891,17304,32198,1153,927,2079,122367,122102,244469,5216,4966,10181,128734,127995,256729
LGA16350,6790,13611,399,350,754,7457,7411,14869,255,303,560,6391,6402,12792,323,314,638,6975,7015,13990,208,243,446,5815,6016,11831,311,277,583,6331,6534,12864,163,189,348,5448,5623,11072,276,226,503,5889,6042,11928,148,132,277,5058,5668,10721,207,194,407,5411,5989,11407,209,274,479,12230,13847,26073,706,1041,1749,13140,15156,28296,5431,5495,10925,96728,98909,195638,5422,5677,11099,107583,110085,217664
LGA16380,2109,4021,96,90,190,2104,2293,4397,96,123,217,2210,2452,4662,85,99,188,2393,2678,5070,82,124,211,2326,2643,4959,114,96,206,2520,2862,5382,89,127,212,2468,2804,5270,129,101,227,2681,3035,5715,92,99,195,2673,3257,5933,104,132,236,2870,3491,6356,172,196,364,11201,12665,23862,484,570,1057,11854,13429,25284,2312,2414,4730,37415,40921,78341,1847,1848,3699,41576,45188,86762
LGA16400,1865,3550,96,88,188,1875,2062,3941,108,152,261,2009,2140,4151,112,92,202,2224,2389,4616,107,109,213,2049,2204,4250,105,94,197,2261,2400,4655,87,128,214,2320,2426,4746,125,101,229,2533,2652,5190,78,87,164,2492,2691,5181,124,98,229,2696,2883,5574,170,175,348,8681,9472,18158,469,519,990,9319,10170,19493,2436,2453,4885,32870,34131,67001,1757,1630,3387,37059,38218,75276
LGA16490,2009,3909,91,97,190,2039,2164,4206,67,56,120,2099,2069,4167,93,78,177,2255,2203,4458,56,67,126,2143,2293,4435,92,87,175,2294,2443,4742,52,49,94,2053,1955,4003,124,98,224,2226,2099,4327,33,45,75,1761,1687,3448,97,78,176,1891,1807,3699,40,55,91,3909,4068,7977,228,237,467,4179,4355,8534,1079,1110,2190,29281,28915,58193,1505,1414,2917,31861,31441,63304
LGA16550,4653,9067,199,213,413,4688,4925,9613,78,70,148,4199,4343,8543,180,173,358,4464,4586,9051,59,69,129,3794,4158,7952,185,151,337,4036,4374,8412,64,50,110,3521,3628,7157,159,139,300,3747,3820,7566,44,49,87,2983,3235,6221,114,94,205,3143,3383,6521,83,117,201,8896,10680,19580,471,699,1168,9451,11496,20943,1197,1158,2354,61140,64635,125776,3041,3075,6120,65376,68869,134252
LGA16610,521,985,65,67,134,573,639,1211,40,53,90,570,589,1160,90,60,156,699,701,1404,39,42,85,615,611,1226,44,49,98,702,705,1406,37,39,79,675,735,1417,73,55,128,790,832,1622,43,39,84,741,763,1507,72,45,117,858,855,1709,68,67,131,2615,2782,5397,186,191,378,2867,3043,5909,905,950,1858,9608,9978,19593,1117,1007,2119,11631,11941,23565
LGA16700,4550,9034,151,130,281,4653,4704,9359,13,12,30,3744,3938,7679,102,99,196,3857,4048,7907,14,14,28,3366,3725,7091,105,105,209,3480,3845,7329,14,11,21,3410,3674,7080,112,92,206,3535,3778,7308,6,12,21,2979,3487,6468,90,102,190,3073,3605,6680,20,17,42,8402,10374,18778,265,366,628,8684,10761,19447,292,317,612,60724,63702,124424,2021,2066,4087,63042,66080,129123
LGA16900,2147,4210,95,92,188,2226,2329,4554,95,102,195,2187,2393,4581,85,92,180,2367,2587,4958,66,77,147,2126,2319,4442,66,58,124,2262,2454,4718,51,67,122,2208,2398,4605,71,82,159,2335,2555,4888,56,70,128,2120,2390,4511,77,69,145,2257,2527,4781,95,96,188,6126,6890,13015,322,451,772,6542,7438,13976,1897,1914,3809,33858,35505,69362,1509,1588,3096,37265,39006,76271
LGA16950,2440,4833,168,152,319,2715,2750,5465,161,163,319,2577,2631,5208,208,168,379,2939,2960,5900,155,173,326,2717,2994,5714,182,172,354,3053,3341,6397,146,159,299,3235,3469,6704,176,178,359,3561,3804,7366,142,152,299,3792,4206,8000,228,198,426,4166,4568,8726,290,290,578,13672,14726,28403,686,754,1441,14652,15770,30420,3612,3457,7067,46957,48333,95299,3151,3015,6164,53719,54813,108531
LGA17000,632,1280,49,28,77,748,719,1462,45,59,106,701,740,1439,41,44,90,787,844,1635,44,45,83,755,778,1532,46,37,87,852,855,1704,40,31,69,739,713,1451,57,43,97,835,781,1619,33,43,75,685,619,1306,50,32,83,770,692,1462,41,57,94,1607,1643,3258,100,92,189,1746,1795,3541,1018,1019,2033,10786,10303,21093,858,596,1448,12659,11918,24577
LGA17040,534,1059,36,39,79,583,599,1181,24,19,40,666,645,1311,40,50,93,736,714,1448,18,13,27,721,708,1424,63,47,117,792,769,1564,18,9,28,724,703,1430,53,54,113,798,774,1570,20,13,29,765,709,1469,64,48,114,844,767,1614,28,19,50,2003,1938,3942,154,132,290,2189,2090,4282,408,263,665,9971,9520,19490,789,717,1508,11169,10500,21666
LGA17080,342,720,36,28,67,436,396,835,32,26,58,401,385,791,36,30,67,465,444,911,24,29,49,403,410,807,36,29,62,459,465,925,12,24,40,533,413,949,39,26,61,584,470,1050,18,14,34,513,534,1052,36,35,74,568,590,1159,35,36,69,1570,1590,3163,105,125,231,1716,1745,3459,456,491,944,6514,6375,12892,532,528,1067,7504,7391,14891
LGA17100,1256,2550,57,58,116,1356,1317,2673,7,3,12,1066,1168,2238,48,47,92,1120,1223,2342,5,3,9,984,1116,2095,35,48,84,1022,1167,2195,0,4,10,1058,1168,2227,40,38,83,1104,1215,2319,3,0,0,985,1021,2003,35,32,61,1021,1048,2074,7,0,9,2444,2863,5312,87,108,196,2538,2977,5513,100,102,199,22145,21174,43324,1116,953,2067,23365,22229,45593
LGA17150,7636,14771,212,189,399,7421,7925,15347,99,91,193,7683,8205,15883,204,204,414,7989,8499,16490,102,80,182,7141,7699,14841,217,171,385,7460,7954,15413,70,67,140,6866,7270,14139,194,143,334,7134,7482,14614,60,54,109,6544,7006,13553,147,144,294,6754,7201,13958,115,112,224,19027,22540,41573,600,839,1442,19746,23495,43237,1679,1590,3273,107741,112986,220723,3135,3076,6211,112561,117649,230211
LGA17200,6425,14640,595,407,1001,8913,6932,15841,108,74,183,6179,4897,11071,482,302,786,6770,5269,12046,95,109,208,5618,4256,9878,438,272,717,6156,4643,10800,68,83,148,4925,3902,8825,393,227,624,5388,4210,9599,74,50,121,4047,3629,7679,324,226,548,4435,3907,8347,90,115,210,9407,9357,18768,741,673,1416,10244,10148,20392,1571,1437,3009,101604,93513,195112,7448,6066,13509,110615,101018,211632
LGA17310,1550,2914,110,129,240,1638,1876,3519,179,210,391,1508,1546,3058,130,116,246,1818,1873,3694,139,176,320,1574,1646,3215,123,100,228,1836,1923,3764,147,168,314,1554,1725,3279,107,102,215,1808,1999,3809,117,154,266,1561,1791,3355,111,98,207,1792,2042,3832,248,238,485,5226,6067,11292,347,401,749,5811,6708,12527,4016,4015,8032,24867,26104,50970,2028,2042,4070,30906,32166,63070
LGA17350,138,261,5,12,20,130,159,286,3,5,9,148,180,329,7,9,15,159,194,357,9,4,14,163,164,324,7,12,17,176,175,352,6,0,12,167,223,394,15,16,25,188,235,422,5,5,7,208,201,411,10,10,21,221,220,440,11,9,23,725,811,1540,35,44,84,773,870,1641,97,110,207,2713,2815,5519,143,166,307,2948,3085,6034
LGA17400,140,259,17,18,39,146,175,316,13,15,23,158,180,334,14,28,40,183,220,399,6,25,29,175,162,346,27,21,51,213,212,423,9,14,24,224,202,422,24,23,41,253,237,493,15,18,28,273,332,606,37,28,62,321,376,701,19,15,36,1027,1003,2030,90,79,169,1136,1100,2234,232,278,514,2794,2888,5678,307,315,626,3334,3482,6810
LGA17420,7784,15236,157,150,309,7649,7966,15616,37,39,81,6947,7123,14068,130,139,271,7116,7302,14419,24,36,54,5980,6437,12418,118,115,232,6118,6587,12706,26,24,54,5355,5477,10835,101,115,220,5485,5619,11105,17,8,24,4680,5050,9727,72,80,150,4770,5138,9903,40,36,79,13154,14638,27790,255,294,547,13446,14969,28419,611,593,1207,92141,94691,186829,1902,1935,3840,94657,97221,191876
LGA17550,2662,4962,194,180,375,2586,2954,5541,117,135,248,2640,2835,5478,204,224,420,2960,3186,6146,114,121,240,2534,2820,5355,210,163,374,2857,3109,5966,82,129,203,2752,3206,5962,201,216,418,3035,3554,6584,79,114,195,3201,3666,6870,194,180,370,3477,3955,7432,163,198,365,11230,12921,24150,639,774,1415,12030,13898,25931,2113,2216,4329,41714,45333,87053,2979,3035,6008,46804,50586,97392
LGA17620,346,730,18,28,44,419,410,834,24,35,54,419,418,837,35,26,58,475,479,951,21,30,52,370,365,733,26,20,49,416,418,834,21,19,37,407,425,829,25,36,64,453,484,935,21,15,36,457,449,910,35,24,57,517,486,998,38,37,77,1355,1407,2769,83,73,157,1475,1529,3002,473,513,990,6218,6215,12432,421,391,810,7112,7119,14229
LGA17640,192,366,12,9,26,191,208,405,6,14,24,238,219,461,22,18,42,269,259,519,18,3,23,260,278,538,22,20,39,305,301,602,5,6,8,361,331,697,43,27,68,406,367,773,3,3,8,348,329,669,29,23,56,381,357,734,3,14,21,988,943,1928,100,84,180,1085,1043,2133,130,138,268,3833,3745,7577,353,316,667,4314,4198,8514
LGA17650,137,267,5,9,18,147,166,310,11,8,20,160,179,342,14,13,23,188,200,386,13,17,25,171,197,372,13,21,34,204,228,439,10,22,32,177,219,401,16,12,32,208,256,458,13,11,29,222,208,433,14,20,39,251,243,494,18,26,44,622,638,1259,40,38,78,682,706,1383,275,290,569,2419,2605,5021,197,184,387,2883,3086,5971
LGA17750,1746,3412,106,79,186,1866,1918,3780,87,122,211,1647,1703,3352,104,96,198,1842,1924,3766,81,95,170,1645,1790,3436,101,86,183,1824,1965,3789,69,91,159,1615,1726,3345,86,74,164,1776,1891,3665,57,65,123,1594,1827,3423,80,104,186,1736,1993,3729,96,113,213,4711,5620,10331,291,357,648,5096,6094,11196,2179,2287,4471,28930,30756,59678,1780,1683,3462,32883,34728,67609
LGA17850,61,122,7,3,11,68,69,134,4,11,14,77,80,152,8,13,13,85,97,184,9,6,17,80,77,150,11,6,10,91,86,178,0,0,7,97,93,192,13,8,26,111,104,220,9,0,10,107,102,212,11,15,25,125,116,240,10,13,20,392,399,791,39,38,71,441,445,888,99,99,201,1274,1261,2538,141,141,282,1516,1502,3016
LGA17900,73,143,45,36,80,137,132,262,31,35,65,77,72,147,25,40,69,129,149,282,26,42,68,94,107,203,43,56,101,164,203,373,31,43,68,108,101,210,44,47,92,183,192,370,34,39,71,169,119,281,54,53,102,253,210,465,53,52,105,457,322,781,128,128,254,646,500,1143,517,596,1113,1489,1299,2790,654,690,1346,2663,2592,5253
LGA17950,52,96,7,8,13,62,74,128,14,7,23,40,49,89,9,10,21,61,68,131,12,14,26,69,64,136,3,10,14,83,92,171,5,16,23,73,68,144,8,7,15,89,92,182,8,6,19,97,75,177,13,9,15,116,87,201,26,22,44,229,224,454,40,64,104,292,307,596,188,198,392,953,938,1891,125,140,269,1266,1279,2550
LGA18020,160,331,19,28,48,199,207,404,20,29,54,176,204,382,32,34,63,227,269,498,25,22,47,232,232,463,46,42,89,305,299,603,23,31,52,273,279,550,45,53,102,346,364,714,17,20,39,297,280,577,41,39,76,356,339,694,34,57,88,1117,1055,2170,181,205,383,1324,1312,2639,475,511,985,3527,3465,6990,610,633,1248,4616,4612,9225
LGA18050,2441,4854,146,123,272,2571,2573,5143,13,5,17,2248,2305,4552,96,90,185,2354,2398,4755,9,7,7,1983,1927,3910,94,86,185,2084,2021,4106,3,5,14,1593,1540,3127,80,60,143,1679,1602,3282,8,3,11,1324,1382,2702,59,73,133,1385,1460,2845,10,13,18,3769,4569,8337,205,295,496,3978,4878,8856,150,125,279,31412,33403,64814,1706,1803,3513,33273,35334,68605
LGA18100,74,169,7,5,18,109,84,190,5,0,9,83,101,185,4,4,12,94,113,210,5,4,7,103,108,203,9,8,16,115,117,234,10,9,15,123,123,248,18,10,28,154,145,291,0,0,9,149,121,270,5,14,14,154,141,288,10,15,19,502,491,991,34,33,65,543,531,1076,86,80,169,1634,1570,3209,120,112,229,1847,1762,3608
LGA18200,146,308,34,21,47,208,170,377,19,14,36,186,202,386,32,30,64,243,243,488,15,22,41,192,191,382,33,17,50,246,233,477,18,26,51,251,203,452,34,27,63,302,259,561,16,16,28,225,237,463,27,16,46,274,264,539,27,19,53,719,632,1358,71,67,145,825,728,1548,319,301,622,3082,2879,5961,466,404,872,3869,3584,7453
LGA18250,3236,6187,75,80,158,3039,3329,6365,8,3,10,2666,2992,5663,86,82,164,2757,3081,5837,5,4,10,2342,2549,4883,45,56,103,2390,2600,4993,5,6,8,2088,2215,4300,39,59,98,2133,2278,4411,13,0,12,1748,1917,3661,35,39,81,1789,1964,3753,5,15,17,5167,6461,11632,170,276,447,5340,6745,12096,106,102,207,35282,37997,73277,1014,1121,2131,36400,39215,75613
LGA18350,1307,2496,59,66,127,1280,1409,2688,27,31,57,1461,1596,3054,75,61,139,1560,1694,3253,33,32,65,1542,1740,3275,80,75,156,1655,1840,3499,28,24,48,1566,1785,3353,72,94,167,1665,1904,3572,32,23,52,1631,1836,3471,75,63,137,1740,1927,3664,42,43,88,6285,7480,13767,391,462,856,6718,7986,14702,591,611,1205,23499,25508,49003,1221,1283,2503,25313,27397,52709
LGA18400,1596,3121,69,59,126,1634,1715,3348,62,69,129,1714,1768,3480,79,75,152,1846,1908,3759,58,42,105,1696,1653,3346,75,66,138,1829,1759,3587,39,37,70,1440,1580,3020,62,58,116,1537,1672,3215,38,43,82,1437,1487,2924,52,40,95,1528,1568,3096,62,55,113,3800,4011,7810,162,160,321,4021,4225,8243,1199,1163,2365,24739,24791,49534,1086,977,2061,27032,26931,53961
LGA18450,6297,12365,249,244,493,6461,6719,13176,151,182,331,6365,6574,12937,278,232,508,6795,6980,13780,148,191,339,6001,6302,12298,225,192,416,6369,6690,13057,136,165,301,6209,6379,12592,213,181,395,6564,6725,13285,115,122,246,5903,6266,12166,204,163,364,6224,6555,12785,199,208,407,17389,20662,38049,672,836,1512,18260,21711,39969,3416,3528,6945,98157,101471,199630,4041,3949,7990,105616,108948,214564
LGA18500,1709,3257,67,67,136,1625,1775,3404,3,6,10,1547,1776,3326,55,55,114,1611,1841,3451,0,5,6,1567,1812,3385,67,80,143,1637,1899,3537,0,4,4,1496,1616,3111,55,54,110,1548,1676,3228,0,3,4,1321,1530,2843,54,46,97,1372,1579,2945,6,7,12,4745,5871,10615,217,332,550,4967,6205,11174,93,82,176,23780,27318,51097,1081,1151,2225,24952,28543,53496
LGA18710,564,1044,32,30,61,534,600,1132,21,14,39,606,643,1250,27,21,46,659,676,1334,12,26,33,605,671,1277,33,29,59,652,721,1372,19,9,19,564,534,1100,34,15,52,609,559,1170,9,10,12,542,522,1071,23,24,45,571,556,1132,23,23,45,1406,1528,2931,98,100,194,1521,1652,3169,283,276,552,7800,8141,15941,422,364,787,8500,8781,17281
LGA19399,35,74,0,3,4,40,42,80,0,0,3,29,44,71,0,5,5,26,47,75,0,0,3,33,21,56,0,0,4,39,25,65,0,4,4,43,27,68,4,0,9,47,35,79,0,0,0,30,46,72,0,9,9,35,52,86,0,0,3,105,72,183,17,8,25,125,86,212,17,18,36,473,430,899,41,45,84,530,486,1016
LGA19499,266,689,66,53,111,542,357,902,65,40,99,411,237,648,72,60,125,540,332,877,50,21,66,348,275,627,77,33,107,473,333,801,37,14,46,378,289,662,74,61,129,480,359,844,25,10,32,369,295,664,73,37,114,470,339,808,28,23,49,704,449,1153,106,66,176,842,535,1373,712,527,1236,4689,3676,8364,980,800,1771,6375,4997,11371
LGA19799,0,0,0,0,0,0,0,0,0,0,0,0,0,0,0,0,0,0,0,0,0,0,0,0,0,0,0,0,0,0,0,0,0,0,0,0,0,0,0,0,0,0,0,0,0,0,0,0,0,0,0,0,0,0,0,0,0,0,0,0,0,0,0,0,0,0,0,0,0,0,0,0,0,0,0,0,0,0,0,0
