LGA_CODE_2021,Age_0_Indig_M,Age_0_Indig_F,Age_0_Indig_P,Age_0_NonInd_M,Age_0_NonInd_F,Age_0_NonInd_P,Age_0_IndigStat_nsM,Age_0_IndigStat_nsF,Age_0_IndigStat_nsP,Age_0_TotM,Age_0_TotF,Age_0_TotP,Age_1_Indig_M,Age_1_Indig_F,Age_1_Indig_P,Age_1_NonInd_M,Age_1_NonInd_F,Age_1_NonInd_P,Age_1_IndigStat_nsM,Age_1_IndigStat_nsF,Age_1_IndigStat_nsP,Age_1_TotM,Age_1_TotF,Age_1_TotP,Age_2_Indig_M,Age_2_Indig_F,Age_2_Indig_P,Age_2_NonInd_M,Age_2_NonInd_F,Age_2_NonInd_P,Age_2_IndigStat_nsM,Age_2_IndigStat_nsF,Age_2_IndigStat_nsP,Age_2_TotM,Age_2_TotF,Age_2_TotP,Age_3_Indig_M,Age_3_Indig_F,Age_3_Indig_P,Age_3_NonInd_M,Age_3_NonInd_F,Age_3_NonInd_P,Age_3_IndigStat_nsM,Age_3_IndigStat_nsF,Age_3_IndigStat_nsP,Age_3_TotM,Age_3_TotF,Age_3_TotP,Age_4_Indig_M,Age_4_Indig_F,Age_4_Indig_P,Age_4_NonInd_M,Age_4_NonInd_F,Age_4_NonInd_P,Age_4_IndigStat_nsM,Age_4_IndigStat_nsF,Age_4_IndigStat_nsP,Age_4_TotM,Age_4_TotF,Age_4_TotP,Age_0_4_Indig_M,Age_0_4_Indig_F,Age_0_4_Indig_P,Age_0_4_NonInd_M,Age_0_4_NonInd_F,Age_0_4_NonInd_P,Age_0_4_Indig_st_nsM,Age_0_4_Indig_st_nsF,Age_0_4_Indig_st_nsP,Age_0_4_TotM,Age_0_4_TotF,Age_0_4_TotP,Age_5_Indig_M,Age_5_Indig_F,Age_5_Indig_P,Age_5_NonInd_M,Age_5_NonInd_F,Age_5_NonInd_P,Age_5_IndigStat_nsM,Age_5_IndigStat_nsF,Age_5_IndigStat_nsP,Age_5_TotM,Age_5_TotF,Age_5_TotP,Age_6_Indig_M,Age_6_Indig_F,Age_6_Indig_P,Age_6_NonInd_M,Age_6_NonInd_F,Age_6_NonInd_P,Age_6_IndigStat_nsM,Age_6_IndigStat_nsF,Age_6_IndigStat_nsP,Age_6_TotM,Age_6_TotF,Age_6_TotP,Age_7_Indig_M,Age_7_Indig_F,Age_7_Indig_P,Age_7_NonInd_M,Age_7_NonInd_F,Age_7_NonInd_P,Age_7_IndigStat_nsM,Age_7_IndigStat_nsF,Age_7_IndigStat_nsP,Age_7_TotM,Age_7_TotF,Age_7_TotP,Age_8_Indig_M,Age_8_Indig_F,Age_8_Indig_P,Age_8_NonInd_M,Age_8_NonInd_F,Age_8_NonInd_P,Age_8_IndigStat_nsM,Age_8_IndigStat_nsF,Age_8_IndigStat_nsP,Age_8_TotM,Age_8_TotF,Age_8_TotP,Age_9_Indig_M,Age_9_Indig_F,Age_9_Indig_P,Age_9_NonInd_M,Age_9_NonInd_F,Age_9_NonInd_P,Age_9_IndigStat_nsM,Age_9_IndigStat_nsF,Age_9_IndigStat_nsP,Age_9_TotM,Age_9_TotF,Age_9_TotP,Age_5_9_Indig_M,Age_5_9_Indig_F,Age_5_9_Indig_P,Age_5_9_NonInd_M,Age_5_9_NonInd_F,Age_5_9_NonInd_P,Age_5_9_Ind_status_nsM,Age_5_9_Ind_status_nsF,Age_5_9_Ind_status_nsP,Age_5_9_TotM,Age_5_9_TotF,Age_5_9_TotP,Age_10_Indig_M,Age_10_Indig_F,Age_10_Indig_P,Age_10_NonInd_M,Age_10_NonInd_F,Age_10_NonInd_P,Age_10_Indig_st_nsM,Age_10_Indig_st_nsF,Age_10_Indig_st_nsP,Age_10_TotM,Age_10_TotF,Age_10_TotP,Age_11_Indig_M,Age_11_Indig_F,Age_11_Indig_P,Age_11_NonInd_M,Age_11_NonInd_F,Age_11_NonInd_P,Age_11_Indig_st_nsM,Age_11_Indig_st_nsF,Age_11_Indig_st_nsP,Age_11_TotM,Age_11_TotF,Age_11_TotP,Age_12_Indig_M,Age_12_Indig_F,Age_12_Indig_P,Age_12_NonInd_M,Age_12_NonInd_F,Age_12_NonInd_P,Age_12_IndigStat_nsM,Age_12_IndigStat_nsF,Age_12_IndigStat_nsP,Age_12_TotM,Age_12_TotF,Age_12_TotP,Age_13_Indig_M,Age_13_Indig_F,Age_13_Indig_P,Age_13_NonInd_M,Age_13_NonInd_F,Age_13_NonInd_P,Age_13_IndSt_nsM,Age_13_IndSt_nsF,Age_13_IndSt_nsP,Age_13_TotM,Age_13_TotF,Age_13_TotP,Age_14_Indig_M,Age_14_Indig_F,Age_14_Indig_P,Age_14_NonInd_M,Age_14_NonInd_F,Age_14_NonInd_P,Age_14_IndSt_nsM,Age_14_IndSt_nsF
LGA10050,39,21,61,307,306,612,10,9,15,351,335,693,22,34,60,287,285,569,29,23,52,338,344,684,38,25,62,330,291,619,27,20,49,391,340,734,32,34,63,349,308,653,26,25,50,404,365,760,30,28,58,292,305,596,24,21,47,345,352,700,162,145,303,1559,1492,3056,113,96,212,1837,1732,3568,37,29,64,324,334,648,22,22,44,376,377,755,28,21,47,319,296,621,20,27,45,365,347,713,30,24,49,325,305,627,23,21,50,378,352,726,32,26,58,357,297,652,24,18,40,415,337,754,27,23,51,291,325,616,25,18,42,336,362,702,152,115,270,1608,1554,3160,111,104,214,1871,1779,3647,16,25,47,295,267,566,20,13,34,334,312,643,19,32,47,308,300,610,19,13,33,341,347,694,18,27,46,292,294,583,15,16,27,326,339,661,16,26,48,294,274,567,19,11,38,339,314,654,24,23,51,321,297,615,21,17
LGA10180,21,24,50,119,117,239,8,0,6,149,147,296,23,31,56,117,107,223,17,12,30,162,148,304,35,23,60,111,117,233,17,13,29,159,159,322,25,22,46,117,97,216,17,3,22,159,129,286,30,29,63,142,124,269,15,10,31,194,163,356,141,128,267,609,569,1174,70,51,118,819,748,1571,20,34,50,133,119,258,15,16,21,168,166,336,24,23,45,120,140,263,14,10,21,160,172,329,30,24,48,141,149,287,15,14,29,185,188,366,40,33,72,129,126,248,15,18,37,187,171,359,27,28,57,157,126,285,16,11,27,201,164,368,145,130,277,684,660,1340,68,66,140,896,861,1757,23,24,47,126,122,246,11,9,21,161,159,319,23,26,52,135,149,285,13,21,31,170,197,364,16,28,43,152,160,317,17,22,44,188,208,391,26,30,55,136,146,282,18,29,42,179,201,375,26,30,54,163,174,343,26,30
LGA10250,19,14,32,186,226,416,8,4,13,208,246,456,11,12,25,178,173,354,12,20,32,205,203,407,13,18,34,207,175,382,13,4,20,229,203,436,15,9,27,228,163,396,12,9,20,256,186,441,20,7,28,206,205,415,11,10,20,239,221,462,82,62,145,1008,943,1958,53,49,102,1144,1061,2205,14,10,25,190,191,383,17,6,25,223,209,435,14,25,41,267,191,453,21,20,34,291,235,526,14,18,30,212,213,425,15,11,27,242,242,488,27,24,45,235,214,447,20,11,31,274,250,523,12,21,35,253,244,500,16,11,24,286,280,560,82,99,176,1157,1055,2215,76,59,136,1310,1219,2527,16,30,42,236,231,472,20,15,32,275,275,548,27,22,50,279,234,509,18,14,28,322,267,588,24,26,55,254,232,489,16,12,34,293,276,573,24,28,51,275,226,496,7,8,21,305,259,564,16,16,37,266,216,485,11,10
LGA10300,0,0,4,7,15,22,0,0,0,14,20,27,0,0,3,5,16,21,0,0,0,9,13,26,0,0,3,6,14,18,0,0,6,13,13,26,3,4,7,8,7,16,0,3,3,9,10,23,0,0,0,13,18,31,5,0,4,18,20,40,7,9,14,46,63,112,0,4,8,58,77,135,0,0,7,13,4,13,0,0,0,10,5,15,0,0,0,16,17,28,9,0,5,23,13,38,4,0,5,12,8,24,0,0,0,12,13,23,4,0,8,16,11,29,3,0,6,20,19,37,0,3,3,11,7,17,3,0,5,11,9,21,8,6,17,58,50,107,12,5,18,78,63,141,0,3,3,15,8,19,8,0,9,22,10,29,0,4,0,13,5,19,3,0,3,18,7,21,0,3,9,14,9,20,5,4,8,15,21,34,3,0,3,10,17,28,6,0,6,15,17,31,0,0,4,16,15,29,0,3
LGA10470,45,45,89,190,202,389,0,3,3,238,249,489,41,29,64,181,193,372,18,9,27,238,234,467,38,36,72,223,165,391,12,7,19,274,207,481,32,30,64,226,202,424,3,14,18,264,240,506,36,39,70,216,223,442,18,11,31,273,271,541,192,176,364,1036,976,2019,52,45,96,1281,1201,2479,34,42,74,213,219,432,10,13,28,255,278,539,41,36,74,266,206,468,17,15,31,319,255,569,41,31,71,208,221,436,14,13,29,261,270,533,44,20,68,247,232,477,14,12,28,307,260,569,32,36,74,232,215,448,14,12,26,286,264,544,190,173,358,1165,1086,2259,69,65,135,1428,1323,2752,23,36,57,255,221,476,16,13,34,293,271,565,36,37,71,232,207,446,16,20,35,281,264,543,34,54,86,257,257,511,13,12,29,305,318,627,33,27,61,272,252,523,22,9,31,328,292,622,33,38,71,244,254,498,8,8
LGA10500,23,20,38,1138,1029,2170,15,8,28,1175,1057,2230,19,25,38,960,906,1863,61,61,125,1040,991,2028,18,15,30,936,920,1862,55,52,106,1007,986,1996,13,29,40,913,845,1753,50,39,90,972,911,1882,17,13,26,880,850,1734,49,38,89,948,899,1848,86,91,178,4831,4547,9378,224,206,432,5143,4847,9986,11,14,22,883,818,1703,46,43,88,943,873,1817,23,17,40,817,758,1580,37,33,70,878,807,1686,19,20,42,815,768,1583,46,36,84,878,826,1705,16,13,27,772,772,1547,38,35,74,832,821,1652,8,19,31,824,755,1576,38,40,77,870,817,1684,83,81,168,4107,3875,7983,214,186,399,4406,4144,8546,10,18,28,765,747,1515,37,24,67,817,788,1604,20,15,33,783,765,1549,45,40,81,844,818,1662,17,16,35,758,775,1534,29,41,69,800,836,1636,16,13,28,771,703,1468,36,38,68,819,747,1565,14,9,27,730,672,1401,27,28
LGA10550,14,15,23,117,116,233,4,9,20,135,141,276,19,19,34,138,116,249,14,10,21,159,142,301,19,16,29,130,117,251,14,7,25,167,138,303,18,20,33,138,120,257,12,10,20,162,152,314,11,19,34,138,124,265,5,13,15,155,160,313,71,85,156,658,595,1248,43,57,98,776,734,1507,14,17,34,159,168,327,17,7,25,190,196,387,19,15,31,142,138,280,9,4,10,164,153,319,16,17,35,163,162,329,13,15,25,192,194,390,21,8,30,165,164,325,16,10,27,197,181,376,23,20,40,179,143,318,14,9,25,219,171,388,91,71,165,804,768,1576,67,50,116,964,890,1855,10,14,27,190,162,351,20,6,25,220,181,405,20,19,44,151,171,323,14,13,31,185,207,393,13,15,30,202,179,377,14,12,30,231,204,436,18,12,32,194,168,356,12,21,34,225,202,424,11,19,27,186,172,359,10,10
LGA10600,8,6,14,37,41,71,0,0,0,42,48,87,6,6,9,46,36,74,5,4,10,53,41,99,8,8,14,49,46,98,3,5,9,67,59,125,4,3,12,42,55,95,4,5,3,46,64,114,6,10,17,55,50,105,0,0,7,70,59,127,34,28,66,227,227,447,16,19,35,278,267,542,8,5,11,46,47,99,7,5,11,59,58,118,3,7,14,61,57,110,4,9,17,67,74,139,4,9,15,76,60,140,5,8,10,86,75,160,9,13,23,66,72,137,7,4,15,85,88,169,6,10,18,77,63,139,3,6,14,89,79,168,32,39,75,324,297,622,31,31,56,387,365,753,5,9,16,80,63,145,4,11,14,95,77,176,5,5,8,87,74,163,8,6,22,104,88,192,6,8,8,79,88,165,10,14,18,86,102,191,10,3,11,85,82,164,14,6,21,105,93,198,3,6,9,68,65,131,5,15
LGA10650,0,0,0,30,36,65,0,0,0,30,39,66,0,0,3,37,31,67,10,0,10,49,35,83,4,0,7,32,35,65,5,9,8,38,43,76,0,0,0,28,36,61,0,3,11,32,37,73,3,0,9,35,33,61,0,3,0,39,40,73,7,9,19,156,170,325,20,11,29,189,191,378,7,0,5,39,25,57,0,3,9,46,32,75,7,0,5,26,34,65,4,9,7,36,44,78,4,3,4,41,45,81,8,5,11,56,50,102,3,0,3,32,47,77,6,10,10,37,55,91,0,8,9,37,42,83,8,3,13,53,53,106,20,8,29,175,188,371,23,26,53,220,223,444,6,6,13,40,42,76,0,3,4,41,53,95,6,8,11,36,45,84,9,9,15,53,56,109,3,0,4,35,50,90,3,5,5,39,58,101,8,3,11,40,39,81,0,3,7,47,45,93,7,5,18,56,37,89,8,8
LGA10750,137,144,281,2685,2497,5183,22,25,43,2845,2663,5512,137,145,276,2769,2654,5428,192,174,365,3101,2969,6076,126,156,277,2815,2591,5401,180,157,334,3119,2896,6014,169,130,298,2807,2664,5469,167,153,325,3143,2944,6087,168,157,322,2823,2722,5547,167,186,356,3156,3064,6220,740,725,1462,13901,13122,27026,728,691,1420,15368,14536,29907,124,132,254,2870,2877,5747,173,173,345,3177,3173,6349,176,139,309,2853,2730,5587,153,147,302,3182,3018,6197,151,146,298,2944,2791,5734,141,175,319,3237,3110,6350,137,134,266,2946,2785,5728,178,144,319,3267,3055,6318,146,136,286,2813,2750,5563,169,160,330,3127,3052,6177,741,680,1422,14432,13930,28360,814,794,1602,15983,15407,31388,130,127,257,2890,2652,5543,152,167,322,3178,2945,6120,140,142,283,2720,2578,5297,159,169,328,3020,2890,5914,138,130,262,2656,2494,5155,146,156,302,2944,2777,5723,126,149,277,2602,2446,5045,151,130,280,2876,2723,5597,170,119,281,2510,2384,4896,169,125
LGA10800,5,3,10,35,19,57,0,7,7,39,24,71,3,0,5,41,23,62,0,4,6,41,29,73,9,11,17,24,28,53,9,3,12,38,43,81,3,6,8,28,24,51,3,4,8,29,35,65,5,3,6,27,29,54,8,3,4,33,37,65,21,21,44,149,130,277,17,15,34,184,172,349,7,0,6,24,27,48,3,0,4,34,27,68,5,3,7,28,30,57,3,7,10,38,38,72,3,0,6,32,25,51,0,0,5,34,32,67,0,0,4,21,27,55,3,0,3,30,35,63,0,5,7,29,34,64,4,8,9,36,47,78,19,20,32,135,140,275,13,23,37,166,180,341,3,3,13,39,34,70,3,5,12,46,45,94,3,10,12,38,34,69,4,0,4,45,41,83,8,5,15,32,31,61,6,3,7,46,36,77,6,9,13,22,21,43,0,9,8,31,36,69,9,5,11,33,25,52,0,6
LGA10850,5,3,9,40,43,81,0,0,0,46,45,92,0,0,0,37,36,79,0,0,3,40,42,86,8,4,12,35,26,60,0,0,5,45,34,78,5,3,8,48,35,85,0,5,7,59,41,100,13,6,16,32,38,74,0,3,3,43,50,91,36,15,48,195,185,382,9,8,12,241,208,448,6,6,13,43,44,90,4,3,9,54,59,115,3,7,6,35,40,74,4,3,10,42,47,89,0,5,6,50,37,87,0,0,3,56,41,97,8,6,10,39,43,89,3,0,6,47,58,103,8,11,25,45,49,96,4,3,8,60,62,124,31,38,61,214,215,425,16,14,33,258,263,518,8,5,9,49,50,98,3,5,5,58,54,116,7,5,12,43,43,92,4,3,4,56,53,114,5,5,14,47,52,102,0,0,6,57,65,122,13,0,12,44,42,92,0,7,3,62,52,109,4,8,5,44,41,79,4,3
LGA10900,22,17,36,347,311,655,6,0,9,368,333,699,29,16,45,347,330,674,18,13,30,396,357,752,18,24,39,345,364,704,15,6,27,376,398,770,17,22,38,382,368,750,8,11,21,407,398,813,18,13,35,394,394,788,19,19,36,430,425,853,100,99,193,1811,1756,3568,69,56,121,1978,1905,3889,26,24,47,424,419,840,13,20,35,467,461,930,19,23,43,445,379,819,18,13,34,486,415,899,27,20,46,438,399,830,12,18,37,478,438,916,24,26,50,455,464,916,22,20,40,492,513,1004,21,31,53,450,430,884,12,17,28,484,478,961,116,125,244,2207,2090,4298,78,90,169,2404,2303,4705,33,32,67,432,440,872,17,11,25,482,483,966,17,22,38,490,448,940,19,13,25,524,480,1002,27,37,63,481,463,946,18,13,31,521,514,1041,28,18,48,504,462,968,15,12,22,546,495,1040,14,39,49,479,436,915,16,14
LGA10950,6,3,9,15,13,23,0,0,0,18,22,34,4,8,11,11,8,21,3,0,3,17,19,36,8,7,16,10,15,20,0,0,0,11,20,33,5,3,10,10,7,24,0,0,0,18,6,26,7,11,9,9,9,14,0,0,0,12,18,26,24,33,53,47,48,101,3,0,5,78,81,156,5,5,13,13,12,23,3,4,6,22,16,37,7,6,16,9,8,17,0,0,0,18,12,32,3,5,10,5,7,17,0,0,6,13,14,27,3,7,12,9,12,17,0,0,0,14,22,31,3,5,11,12,11,24,0,0,0,16,18,40,27,31,54,53,49,101,6,6,12,86,85,172,3,9,10,12,12,16,0,0,0,11,19,31,5,5,14,9,12,21,0,0,0,17,16,33,7,4,8,16,7,18,0,4,5,18,17,32,3,4,14,9,10,16,0,0,0,15,16,29,3,3,9,8,10,16,0,0
LGA11150,7,10,12,13,11,20,0,0,0,19,18,30,9,12,16,11,6,20,3,5,8,26,22,45,5,6,15,10,8,19,0,7,9,16,22,33,4,3,9,6,9,17,3,0,7,18,18,32,15,0,13,10,3,7,4,0,4,25,5,27,39,31,67,42,36,84,14,17,30,93,82,178,3,7,11,4,12,16,0,3,3,12,25,34,5,11,13,8,6,11,3,5,9,16,20,31,10,6,13,13,5,16,3,0,9,21,17,38,10,8,9,8,10,21,3,0,4,18,19,40,7,4,13,8,9,14,0,4,7,18,13,29,33,33,62,42,38,80,7,19,25,85,91,172,5,10,17,12,13,17,4,3,13,18,21,42,9,4,14,12,8,18,3,8,13,20,20,39,5,4,12,9,3,6,8,0,3,19,7,26,9,10,17,8,7,14,0,4,7,12,13,33,3,3,12,5,0,8,6,0
LGA11200,3,5,6,7,0,3,0,0,0,10,7,16,10,0,13,0,5,5,0,0,3,5,7,15,6,7,9,4,4,14,0,0,0,13,11,21,6,3,13,3,0,6,0,0,3,15,14,23,7,4,8,0,0,0,0,0,0,7,6,15,30,22,49,16,19,32,8,3,11,48,43,88,5,5,12,4,0,4,0,0,0,11,8,20,11,3,11,0,4,7,0,7,7,12,17,24,8,3,18,0,4,4,0,0,0,8,12,18,12,0,11,0,0,0,4,3,6,19,8,21,6,6,11,0,0,6,0,0,0,7,3,14,43,17,62,8,8,21,4,8,13,60,37,97,5,6,11,5,4,4,0,3,6,7,9,19,5,5,6,3,7,6,0,0,0,9,9,15,9,5,15,0,0,5,0,0,0,13,3,20,4,12,17,0,0,0,0,4,4,4,14,18,4,3,9,7,0,3,4,0
LGA11250,22,24,49,62,77,143,3,0,4,90,106,192,13,25,35,68,57,125,12,9,20,92,91,186,18,28,46,79,62,143,9,3,16,112,93,205,13,12,24,74,71,137,5,8,9,91,86,175,16,17,37,81,81,163,11,8,20,107,112,218,86,102,191,363,347,706,41,34,78,486,483,972,16,23,41,72,74,149,6,10,14,99,107,199,21,23,43,70,69,142,6,13,22,99,104,205,23,15,35,56,81,141,5,10,17,86,101,196,34,13,51,70,76,149,10,5,21,120,98,216,27,18,42,61,62,123,9,10,17,95,90,181,121,87,206,339,363,700,40,52,87,498,500,995,12,20,37,73,71,145,11,10,19,97,108,203,22,29,51,81,68,152,10,7,19,119,103,216,21,17,43,71,76,153,8,5,13,108,103,208,17,18,33,74,71,148,7,22,25,96,119,216,13,14,32,73,70,146,10,11
LGA11300,3,0,3,167,147,317,3,0,3,175,147,318,0,0,0,165,152,318,5,8,9,166,159,330,0,3,3,140,149,290,3,7,7,146,163,304,0,4,4,127,144,275,4,4,11,129,155,284,0,0,3,145,135,283,7,5,11,149,147,295,0,10,12,743,734,1479,18,22,42,766,763,1532,0,3,3,126,162,289,10,3,14,137,169,308,5,4,7,166,153,318,4,4,9,171,162,329,0,0,0,154,128,279,7,6,13,154,139,294,0,0,5,145,161,306,3,4,13,153,171,322,0,0,0,165,163,332,13,6,10,174,168,346,0,8,13,750,771,1522,32,28,61,789,807,1593,0,0,0,143,167,308,3,0,3,148,171,320,4,0,4,149,158,309,3,6,16,156,168,321,7,0,3,163,154,320,6,3,9,175,165,336,0,4,3,158,189,351,4,6,7,166,190,360,0,0,0,151,182,329,3,4
LGA11350,3,4,12,137,148,286,8,9,11,153,158,314,5,7,10,141,135,282,19,18,39,162,163,326,6,6,15,166,138,303,30,23,52,206,166,375,8,3,12,148,151,301,16,17,40,168,178,343,10,0,11,159,168,328,24,22,44,192,192,382,34,20,54,750,745,1499,91,88,182,877,857,1733,6,10,17,170,150,330,21,20,43,200,185,383,8,9,19,145,174,322,30,19,55,194,206,396,0,9,11,165,182,351,18,28,47,186,221,404,5,13,13,200,165,371,17,20,32,227,192,414,3,8,12,172,166,335,12,24,35,185,195,382,20,40,67,863,841,1711,103,112,210,990,997,1987,13,7,17,180,153,327,26,23,49,208,182,393,3,8,10,184,194,373,15,24,40,202,227,426,12,8,13,186,163,351,19,18,38,214,191,400,5,7,17,193,195,394,27,28,54,231,231,456,4,7,5,182,186,369,16,17
LGA11400,7,10,17,76,53,123,0,0,0,78,59,139,0,8,15,64,59,129,11,5,15,80,67,149,6,12,19,63,74,136,0,9,10,75,95,164,10,5,12,53,58,109,0,6,13,63,71,135,11,7,18,65,69,130,5,11,12,81,83,165,36,39,73,326,310,633,21,27,51,380,375,751,11,5,16,72,75,145,3,5,12,86,85,174,4,7,7,87,70,155,7,10,15,101,79,182,8,7,18,90,88,180,7,6,11,105,104,210,0,12,11,93,82,180,4,0,6,101,96,194,6,3,14,88,92,174,8,11,23,99,113,212,36,31,65,439,406,840,28,34,59,494,469,967,9,7,17,101,95,191,8,10,15,118,104,221,20,9,26,78,91,168,7,9,16,101,103,208,5,6,15,86,76,162,9,12,19,100,87,188,16,7,25,109,95,208,12,10,23,137,115,253,4,14,12,88,84,176,10,4
LGA11450,67,47,116,1103,1063,2162,6,4,17,1177,1119,2299,67,61,124,1068,975,2045,36,34,75,1172,1073,2249,64,70,126,1117,1024,2142,33,39,69,1205,1130,2339,49,49,95,1058,1012,2072,38,36,71,1146,1093,2241,52,53,103,984,920,1908,39,24,59,1073,998,2070,288,280,571,5331,5001,10331,155,138,292,5771,5417,11190,44,34,82,1071,981,2051,31,31,68,1152,1048,2197,62,46,109,944,901,1842,32,27,51,1028,975,2003,62,36,101,926,951,1883,31,22,53,1019,1017,2034,40,46,84,847,861,1709,42,37,72,928,941,1870,60,42,105,863,900,1760,27,19,44,952,960,1913,269,216,488,4654,4583,9242,158,138,292,5083,4938,10016,44,47,93,832,844,1674,25,33,58,908,917,1822,51,40,85,854,814,1671,30,29,59,933,884,1816,45,42,89,872,776,1655,27,26,53,948,844,1796,50,45,97,814,734,1545,19,22,41,885,800,1682,49,43,95,845,783,1628,27,25
LGA11500,100,91,186,1156,1093,2250,10,15,26,1265,1196,2465,82,75,161,1148,1193,2336,73,92,170,1301,1359,2662,81,90,171,1169,1184,2353,80,87,166,1329,1357,2685,118,77,189,1216,1090,2308,86,75,152,1415,1237,2653,98,80,173,1186,1135,2321,67,76,141,1357,1288,2643,475,406,882,5872,5695,11569,319,338,653,6665,6442,13106,92,89,180,1259,1161,2426,76,66,138,1431,1314,2750,80,81,158,1203,1191,2398,71,75,149,1355,1353,2704,80,101,177,1194,1204,2396,88,84,170,1362,1381,2748,91,81,177,1161,1091,2255,80,76,155,1337,1249,2588,80,103,183,1221,1111,2334,78,80,155,1380,1289,2673,429,447,876,6040,5759,11803,392,379,777,6865,6591,13457,92,94,185,1120,1117,2240,83,79,156,1292,1292,2587,102,74,175,1089,1030,2120,52,65,121,1246,1171,2411,93,74,162,1111,1040,2150,75,73,147,1277,1189,2467,104,112,213,1101,1023,2126,71,70,145,1274,1206,2481,92,73,162,1051,1009,2059,69,68
LGA11520,0,6,9,527,463,990,3,5,5,532,470,998,0,0,0,482,447,927,22,21,36,505,460,973,5,3,7,491,427,916,19,13,27,510,445,956,3,0,3,479,432,908,20,11,32,500,448,944,4,3,9,506,440,943,14,12,27,524,458,981,21,15,31,2479,2207,4686,79,52,133,2573,2280,4851,3,5,10,449,440,892,12,20,27,463,466,933,3,5,10,446,416,859,10,15,24,459,429,885,5,9,8,461,441,907,32,14,42,494,464,956,4,4,5,448,444,888,21,13,32,470,465,930,7,6,10,448,446,890,15,24,30,465,470,934,23,25,46,2252,2185,4440,78,76,156,2353,2285,4635,4,0,8,432,473,905,17,17,32,459,490,948,5,3,9,455,455,911,7,13,20,469,472,945,0,3,7,453,468,923,13,17,28,471,487,959,4,4,7,446,431,874,10,14,23,454,452,903,0,7,6,440,386,830,9,9
LGA11570,25,32,63,2399,2181,4582,37,32,66,2458,2253,4710,26,30,54,2278,2247,4527,177,170,348,2477,2451,4930,31,22,53,2446,2217,4666,140,144,286,2622,2386,5005,34,17,48,2357,2181,4541,167,157,321,2556,2359,4917,19,29,47,2449,2279,4728,160,177,336,2623,2477,5100,135,132,261,11930,11109,23035,681,682,1360,12742,11922,24664,18,23,38,2341,2320,4658,186,165,350,2546,2507,5048,21,25,47,2373,2146,4514,181,139,319,2572,2310,4886,23,25,41,2390,2258,4647,174,128,301,2584,2407,4987,30,36,64,2312,2209,4522,163,157,316,2504,2397,4898,24,21,47,2380,2242,4619,158,146,304,2563,2415,4976,118,132,247,11787,11170,22964,858,734,1592,12764,12038,24804,36,32,68,2396,2084,4482,167,148,319,2598,2263,4866,26,32,59,2339,2190,4524,146,145,289,2504,2357,4866,23,30,50,2270,2205,4477,163,127,293,2459,2356,4820,27,27,54,2274,2164,4443,157,143,298,2461,2338,4801,35,28,60,2259,2077,4340,137,130
LGA11600,0,6,8,12,16,27,0,0,0,15,21,34,7,4,7,21,24,43,0,0,4,31,24,56,4,9,10,11,7,26,0,0,0,20,15,39,5,3,6,11,18,28,0,3,6,15,31,40,3,4,7,11,19,29,7,0,4,19,21,41,21,24,41,71,75,149,12,8,18,99,107,210,0,0,5,14,20,32,0,0,4,17,24,37,3,0,0,15,18,39,0,6,6,17,22,44,4,3,8,12,15,25,5,4,3,18,22,39,0,3,0,15,21,28,0,0,0,13,21,32,3,7,5,16,12,29,3,0,3,25,15,42,16,16,31,70,79,152,9,12,19,95,104,202,0,0,3,6,11,22,0,0,4,13,19,25,3,0,4,10,11,23,0,3,3,11,17,26,5,0,8,14,14,31,5,6,8,24,24,50,0,0,0,16,9,28,0,0,0,18,13,26,0,4,3,11,9,15,3,0
LGA11650,222,206,426,1663,1611,3278,15,21,38,1902,1838,3742,200,190,389,1630,1578,3212,98,88,182,1926,1848,3781,187,175,365,1704,1573,3275,74,80,153,1968,1829,3794,204,185,387,1830,1639,3470,89,95,182,2120,1920,4040,199,171,370,1789,1691,3481,99,114,209,2084,1981,4057,1010,925,1940,8620,8092,16709,375,388,766,10001,9413,19421,216,191,405,1917,1720,3633,81,96,180,2213,2013,4221,203,193,394,1923,1711,3638,109,87,197,2238,1993,4227,231,167,401,1811,1794,3604,108,97,203,2147,2055,4203,212,178,394,1887,1741,3632,100,84,185,2200,2008,4211,179,203,380,1870,1772,3639,106,102,205,2147,2073,4221,1034,937,1968,9404,8739,18144,502,465,970,10941,10144,21084,215,196,406,1946,1781,3729,90,88,176,2245,2064,4312,202,197,398,1903,1843,3746,86,111,203,2195,2147,4343,186,197,384,2000,1800,3796,107,97,198,2288,2095,4383,188,170,363,1936,1835,3767,103,104,203,2229,2105,4336,189,222,411,2002,1844,3843,99,118
LGA11700,3,0,3,3,3,9,0,0,0,4,4,10,6,6,7,3,5,10,6,0,5,12,10,27,0,3,9,5,4,4,0,0,0,5,6,16,4,6,6,0,4,4,0,0,3,11,11,18,11,3,13,6,0,4,3,0,5,13,4,15,27,17,45,10,18,27,10,0,13,48,39,88,3,5,8,4,3,8,3,0,3,12,10,19,8,7,14,0,3,3,0,0,3,14,9,25,11,5,12,5,0,7,4,0,4,19,9,29,7,4,9,0,0,0,3,0,3,14,8,18,9,9,13,3,0,10,3,0,3,13,8,24,38,28,65,15,10,27,24,3,23,73,44,120,11,9,16,0,0,6,0,0,0,16,7,19,0,9,6,4,4,5,0,10,9,6,19,23,5,6,7,0,4,7,0,4,4,4,11,14,5,5,15,0,4,7,0,0,0,13,10,23,6,11,15,0,0,6,0,0
LGA11720,74,89,168,324,318,641,3,3,4,397,417,815,71,68,144,365,305,669,21,23,49,455,404,859,84,84,164,359,306,657,16,26,43,462,409,872,87,71,153,325,350,678,19,23,41,424,447,872,80,93,174,352,294,638,27,24,51,459,405,863,399,409,809,1714,1571,3283,86,99,189,2202,2077,4283,80,78,158,388,330,718,22,20,44,487,432,916,68,71,137,385,324,709,27,18,48,477,412,891,66,72,138,338,325,668,22,19,46,429,417,849,56,59,114,346,353,698,20,16,34,420,431,845,82,51,138,322,330,655,24,23,43,427,409,831,352,332,684,1773,1668,3444,110,94,205,2236,2094,4333,75,68,146,327,341,669,14,21,33,416,424,842,67,59,122,346,330,669,22,16,36,428,401,827,86,84,166,346,301,650,19,23,41,447,415,857,80,75,152,335,344,675,20,18,37,438,432,867,74,64,140,322,326,647,22,16
LGA11730,43,46,87,167,178,349,9,3,10,212,234,449,55,52,107,191,183,375,29,15,44,270,253,524,43,40,84,190,207,403,22,17,34,259,257,516,51,38,88,206,195,397,15,19,37,267,251,521,47,41,91,209,231,436,15,23,38,273,296,567,236,218,453,963,994,1955,90,74,160,1282,1285,2578,40,33,76,247,202,450,14,19,38,300,261,561,41,49,89,236,192,424,17,22,44,295,261,561,41,34,80,255,208,469,27,19,40,323,267,589,52,29,72,227,222,447,23,17,37,296,259,559,55,42,101,241,229,467,24,22,51,326,295,618,229,194,424,1200,1058,2253,110,103,210,1536,1354,2883,47,47,97,234,242,477,22,23,43,303,311,616,57,41,107,233,247,479,29,21,51,322,307,630,54,44,101,254,219,471,27,18,47,336,288,619,48,50,93,266,273,538,15,28,42,336,348,678,64,52,110,265,227,496,33,15
LGA11750,6,7,13,17,19,32,0,0,0,25,26,50,6,4,7,27,21,44,10,11,17,35,39,77,4,5,12,14,12,30,0,4,10,23,27,49,8,7,14,22,14,40,3,0,5,33,24,60,6,4,17,17,7,30,0,3,11,25,21,45,33,32,63,93,81,178,21,24,41,145,131,279,9,10,11,17,18,33,5,3,8,25,29,49,3,3,13,13,20,28,6,4,12,28,21,54,10,5,15,23,11,38,6,3,15,37,28,67,9,12,22,14,22,37,0,3,10,27,35,60,5,7,9,15,20,33,8,3,11,31,26,57,34,36,69,89,83,170,22,23,47,138,142,288,5,11,11,15,20,35,0,5,4,22,31,56,4,10,15,17,21,36,6,3,13,25,36,59,6,0,9,13,23,35,4,4,9,27,29,55,0,4,9,16,13,30,10,0,12,27,20,49,9,7,8,16,17,30,8,0
LGA11800,43,48,91,313,332,642,15,4,21,375,381,753,46,58,100,329,330,663,18,29,46,396,412,807,53,49,106,363,329,694,30,20,48,449,402,851,36,42,80,325,346,674,20,20,44,386,408,793,57,39,97,365,346,707,17,26,47,436,411,849,245,231,475,1697,1685,3378,100,107,207,2038,2021,4060,51,48,103,408,351,758,28,22,55,491,421,913,36,57,94,389,376,767,24,23,49,448,462,912,57,51,101,405,405,809,21,17,44,493,468,957,51,55,108,441,365,806,29,21,47,519,442,964,55,60,120,416,414,830,28,18,41,504,484,995,256,268,523,2063,1912,3971,140,99,236,2456,2281,4734,50,41,91,438,472,910,26,41,67,511,549,1061,75,48,123,448,426,870,23,42,61,539,511,1057,63,34,97,426,445,870,25,30,56,518,515,1027,55,46,103,443,422,862,34,25,56,529,494,1022,53,86,137,408,415,820,23,23
LGA12000,0,0,0,18,13,33,4,0,3,24,13,40,0,0,5,31,8,44,0,0,0,32,14,47,3,0,8,19,30,47,5,0,5,27,30,56,0,0,0,27,29,55,0,0,6,27,34,63,3,5,7,20,12,35,0,0,0,21,14,37,10,10,18,116,94,209,11,0,13,132,111,240,6,4,10,30,24,49,0,5,8,33,33,66,0,4,3,22,25,54,0,7,0,26,37,63,0,7,10,31,33,59,0,0,3,32,38,72,4,3,10,25,21,46,3,3,5,30,32,61,5,5,7,17,25,42,0,0,0,25,30,54,15,22,42,120,134,257,5,8,21,144,168,315,3,3,7,18,12,35,5,0,5,31,17,48,6,4,6,31,32,59,0,3,7,34,36,67,0,0,0,28,25,56,0,3,0,30,34,63,0,3,4,28,22,49,0,0,0,32,23,58,3,0,9,28,33,61,5,6
LGA12150,15,14,25,11,12,17,3,0,3,29,21,47,18,11,32,18,5,26,7,0,12,41,24,68,22,14,37,13,9,24,11,9,18,49,27,80,17,14,35,11,14,22,7,4,7,36,33,63,9,9,12,9,10,26,8,7,9,26,22,43,81,59,139,66,55,118,35,18,51,176,131,309,16,11,29,13,6,22,0,5,7,35,28,57,18,14,27,8,9,18,5,7,9,27,27,55,13,9,25,5,4,13,5,3,6,23,16,43,19,13,28,8,7,14,4,10,14,26,31,56,15,10,20,11,6,12,3,7,5,25,14,39,76,61,134,44,31,72,17,26,40,131,115,255,17,16,33,7,3,7,4,7,12,28,25,55,17,10,21,4,13,17,5,0,8,31,21,51,6,11,23,14,4,17,7,4,6,27,17,46,11,9,20,5,5,8,3,0,8,23,16,40,16,16,34,11,8,21,9,0
LGA12160,7,5,15,50,39,93,5,0,9,70,43,120,14,9,20,48,65,114,4,9,15,70,86,149,7,4,16,40,37,79,4,6,9,54,49,101,9,4,12,48,47,99,3,3,10,64,58,120,7,4,13,42,48,89,7,3,8,63,53,113,43,33,75,237,231,475,28,26,51,313,288,607,9,11,14,62,54,111,5,4,11,80,60,139,3,9,16,57,36,93,6,0,3,60,49,112,8,4,14,58,54,112,6,8,14,71,72,143,7,3,15,43,63,107,4,7,12,60,70,132,8,5,9,63,49,117,3,5,11,79,61,135,41,29,78,277,257,541,29,20,53,356,311,662,3,13,13,61,54,113,4,9,11,71,69,138,6,5,8,61,58,116,9,5,14,78,61,137,4,7,9,61,64,125,4,7,13,74,74,143,8,8,16,58,44,98,7,13,17,76,59,137,12,6,21,67,60,134,5,5
LGA12350,9,15,31,61,46,103,3,5,4,73,62,140,19,13,31,47,49,93,5,5,7,71,61,129,10,13,26,58,43,105,6,6,10,81,66,142,14,15,29,43,50,95,7,6,11,65,68,132,7,16,28,49,59,100,3,10,14,61,81,141,64,76,144,255,246,495,22,20,47,345,342,684,16,10,27,45,56,104,4,11,14,65,85,149,16,14,31,47,31,75,3,4,15,67,59,124,13,11,26,60,62,121,8,14,22,86,79,166,17,12,25,61,50,116,5,3,6,79,65,147,22,12,32,50,52,99,11,10,21,82,73,154,82,56,145,269,251,520,32,44,75,376,358,739,11,10,25,54,38,93,0,4,9,71,54,122,10,14,26,47,61,112,6,3,14,66,79,145,14,12,27,40,67,113,7,3,12,65,89,152,10,10,22,66,61,128,9,8,17,87,78,163,14,19,27,65,48,116,11,9
LGA12380,19,18,33,1570,1524,3089,14,15,26,1605,1548,3153,14,12,31,1591,1403,2994,153,125,276,1760,1549,3304,11,14,23,1630,1466,3094,126,118,238,1763,1594,3361,9,16,22,1620,1432,3047,114,89,207,1746,1537,3287,9,12,21,1568,1509,3076,125,125,251,1702,1644,3351,64,71,133,7977,7336,15304,540,476,1010,8579,7875,16450,18,16,30,1573,1414,2982,129,102,227,1717,1527,3245,14,13,26,1487,1499,2986,129,136,268,1637,1643,3280,14,20,29,1508,1511,3016,131,111,245,1653,1644,3293,11,19,32,1401,1420,2818,126,106,229,1542,1545,3084,15,12,30,1475,1423,2895,121,104,223,1607,1538,3146,76,74,149,7440,7265,14706,633,561,1194,8143,7897,16043,10,13,22,1485,1384,2870,130,116,247,1632,1511,3141,18,17,34,1448,1361,2803,99,102,204,1561,1489,3045,15,21,32,1302,1278,2576,94,92,187,1408,1392,2796,18,12,34,1279,1243,2525,87,79,171,1382,1344,2723,8,20,34,1232,1245,2477,109,63
LGA12390,102,110,210,284,258,539,8,12,16,392,375,769,114,103,218,241,256,492,36,36,74,398,387,786,104,91,195,236,250,484,50,36,85,386,378,762,127,108,231,221,239,463,25,33,62,368,384,756,112,111,221,257,260,511,38,43,85,400,414,817,549,521,1074,1235,1257,2496,159,163,322,1946,1943,3888,102,106,209,251,262,512,30,18,57,387,390,780,104,99,204,234,226,463,33,27,63,371,358,732,115,95,215,221,258,476,40,41,86,377,394,769,120,107,226,248,251,498,39,37,70,398,398,795,106,118,223,228,233,457,39,31,68,376,377,751,548,528,1080,1179,1231,2408,183,154,337,1911,1912,3825,105,72,174,239,253,491,34,37,73,381,358,733,102,97,194,270,216,484,38,32,75,406,345,760,109,88,203,258,254,514,46,33,79,411,380,789,99,89,196,256,211,461,48,27,76,404,332,734,107,100,207,275,238,508,32,31
LGA12700,7,3,10,36,34,69,0,0,0,38,39,77,8,10,20,40,45,85,3,3,4,48,56,107,7,11,19,45,31,82,3,0,4,59,40,98,7,6,12,48,48,95,3,3,9,64,61,121,0,10,16,45,46,89,0,0,0,51,53,102,33,38,67,221,206,420,8,11,21,260,257,509,11,4,19,38,58,94,8,3,9,57,64,119,7,8,11,43,51,92,0,4,6,54,63,117,7,7,17,52,48,104,0,4,6,59,57,122,6,10,16,48,47,90,8,0,11,64,57,122,10,9,21,54,56,108,4,4,8,68,64,134,43,40,84,232,257,490,24,14,37,299,315,614,7,10,16,59,48,112,0,4,4,66,61,126,14,3,14,56,39,95,3,3,7,73,47,117,11,8,22,55,52,105,5,0,12,71,61,137,11,5,13,48,57,102,0,0,4,52,63,124,8,9,15,60,60,118,4,7
LGA12730,9,4,10,35,36,73,3,0,4,50,40,90,3,4,11,41,33,76,6,5,12,54,45,95,0,7,4,41,35,78,7,0,5,47,47,90,3,0,9,53,35,92,6,0,5,64,42,103,4,0,8,30,26,55,0,0,4,29,33,67,21,19,42,197,173,372,19,9,32,240,206,444,6,4,4,38,34,71,3,10,12,53,39,88,0,7,9,47,41,86,6,7,9,55,53,107,8,4,8,39,44,75,4,6,13,48,52,99,9,3,13,44,32,78,14,8,17,61,40,105,8,3,10,45,36,75,6,3,13,57,39,97,23,14,43,210,175,387,37,26,69,279,222,494,3,4,10,41,50,94,3,6,8,47,63,114,4,4,8,44,40,82,10,0,13,60,45,106,5,0,5,37,41,76,3,0,9,40,44,90,9,3,9,48,53,101,5,11,21,66,66,134,6,0,8,47,34,83,8,0
LGA12750,18,19,41,128,122,245,10,3,13,160,151,307,26,31,52,118,114,238,18,11,33,166,162,322,23,17,40,129,120,250,8,22,28,164,157,321,31,23,58,119,127,248,17,16,33,171,165,338,30,25,55,152,136,287,11,7,19,195,166,364,129,115,248,652,619,1272,66,60,129,850,797,1648,26,25,52,145,116,258,22,8,31,184,151,337,22,27,51,142,145,285,20,19,31,182,189,377,24,36,63,121,126,242,12,12,26,162,168,330,19,28,53,147,140,287,17,17,35,180,184,370,29,30,58,156,142,296,21,15,31,204,181,388,125,141,271,708,666,1374,89,60,150,920,875,1794,31,32,61,180,140,315,15,15,37,218,194,407,25,32,63,187,147,333,17,23,37,232,203,435,38,37,72,174,156,333,21,15,36,229,211,436,17,27,50,183,164,343,23,26,49,222,218,435,31,24,51,169,192,360,21,22
LGA12850,12,20,33,989,921,1912,15,15,29,1008,961,1974,16,18,32,1011,970,1980,71,76,144,1097,1067,2162,15,17,28,1032,999,2034,71,72,147,1122,1088,2213,17,9,24,1040,1017,2062,62,70,127,1115,1095,2211,14,13,25,1081,1031,2109,81,73,154,1172,1116,2287,73,79,152,5157,4942,10101,289,309,601,5526,5331,10848,16,12,31,1130,1066,2193,69,82,147,1213,1160,2376,15,9,23,1159,1060,2221,97,81,180,1274,1150,2427,8,19,30,1150,1166,2314,67,64,138,1228,1257,2483,15,15,28,1297,1259,2559,85,66,153,1403,1333,2739,16,17,33,1338,1154,2491,74,84,154,1431,1255,2683,79,68,143,6078,5703,11782,392,382,773,6548,6157,12701,18,14,35,1247,1169,2416,84,66,152,1348,1251,2600,21,16,36,1281,1189,2466,93,53,144,1393,1255,2650,25,18,43,1305,1226,2532,85,75,155,1415,1314,2733,18,19,39,1411,1270,2686,82,83,159,1511,1374,2884,26,18,39,1352,1287,2642,85,64
LGA12870,3,3,10,57,44,106,0,0,3,63,49,117,4,8,9,48,54,108,0,9,7,52,67,124,3,0,7,58,58,113,0,10,13,63,66,128,0,3,9,52,46,102,4,0,4,60,49,106,0,0,0,55,47,100,9,7,20,68,60,123,19,12,29,273,252,524,11,23,41,303,288,599,3,3,7,62,47,114,6,5,9,75,54,133,8,0,9,44,54,99,4,3,3,48,60,115,0,5,5,64,55,112,3,6,5,64,65,124,0,3,7,59,56,118,5,4,13,74,65,137,6,4,3,81,53,139,11,0,10,95,56,153,17,18,37,307,268,577,31,15,46,357,304,666,9,0,7,61,66,126,5,10,18,68,81,146,0,8,4,71,61,132,9,5,16,84,72,155,4,3,0,82,68,154,3,7,11,90,78,169,4,0,4,62,67,119,7,8,13,66,67,132,0,7,3,69,67,134,13,3
LGA12900,13,13,22,30,36,68,0,0,0,46,48,92,12,20,32,35,40,72,4,7,13,48,64,111,15,12,34,27,34,67,0,4,3,48,54,106,17,13,25,33,40,72,6,7,14,55,62,118,19,15,33,41,43,78,8,5,12,66,59,119,74,77,155,165,191,359,14,24,34,260,287,548,17,8,24,37,54,91,3,7,10,56,66,125,16,18,38,36,40,75,0,4,7,53,63,120,21,9,30,51,48,98,8,5,14,80,62,144,10,17,27,38,48,90,4,8,9,52,75,130,7,20,30,53,36,91,5,0,9,66,58,121,73,74,149,213,227,443,24,26,49,313,330,642,13,7,20,38,46,85,4,7,10,55,66,117,17,21,29,55,51,108,3,3,7,70,72,143,11,14,26,45,47,87,10,4,15,60,68,127,10,12,24,39,48,89,3,3,8,59,66,123,11,12,30,58,51,104,8,6
LGA12930,5,6,11,752,695,1449,8,7,11,765,707,1474,9,6,17,758,675,1431,45,27,70,811,705,1517,17,9,24,763,711,1468,31,24,54,807,736,1544,13,14,23,761,677,1439,27,28,59,803,720,1519,3,6,15,795,705,1501,28,26,58,833,744,1577,51,38,92,3830,3467,7299,135,109,248,4018,3617,7632,5,8,11,823,734,1557,30,21,54,860,762,1621,3,13,17,799,749,1548,21,42,63,830,801,1631,6,3,16,904,727,1632,32,25,61,952,764,1710,13,9,15,809,775,1585,32,17,49,850,803,1650,12,5,16,873,866,1740,23,25,54,906,903,1808,36,37,79,4208,3856,8065,147,135,289,4388,4038,8427,4,7,15,816,790,1608,28,20,51,849,825,1677,12,11,21,801,755,1550,22,24,49,836,787,1619,16,13,28,793,741,1530,24,33,61,836,778,1617,5,19,27,795,805,1594,16,35,48,813,856,1674,5,16,19,798,745,1545,26,26
LGA12950,16,4,14,17,21,40,0,0,0,34,26,59,10,10,17,22,12,32,0,7,8,32,28,56,6,3,13,13,15,30,0,3,3,22,27,45,10,3,11,17,13,34,0,0,0,25,22,46,6,4,15,12,24,27,11,4,14,26,30,58,37,23,68,80,80,168,12,18,30,138,128,258,10,9,11,14,8,23,3,4,5,28,14,45,8,4,13,11,12,27,0,4,4,23,23,41,8,0,17,14,17,26,3,6,7,25,23,44,8,6,10,20,22,44,4,9,14,31,39,70,8,9,19,19,24,43,4,7,8,35,38,74,47,25,68,75,84,162,22,23,42,142,127,274,4,8,9,14,21,36,3,0,7,23,28,52,13,5,16,17,25,41,5,0,3,33,34,66,11,4,19,20,27,45,6,8,11,35,42,73,3,4,6,21,10,26,3,0,6,20,17,44,0,5,9,27,13,37,4,4
LGA13010,8,5,13,28,30,58,0,0,3,37,36,76,3,8,15,34,27,63,3,8,12,45,42,93,8,3,12,26,17,46,5,0,10,34,20,60,9,8,16,21,22,49,7,4,11,36,35,78,6,5,13,35,30,66,10,3,10,47,38,89,33,34,68,148,133,277,21,17,40,209,186,385,4,3,12,31,38,66,3,7,8,36,48,84,13,6,11,33,44,78,5,9,9,46,55,101,7,5,13,31,31,65,3,0,3,41,42,81,7,8,14,43,33,72,7,7,9,51,43,97,8,10,13,25,44,77,5,3,6,42,62,96,43,27,65,161,191,353,19,24,48,215,242,464,13,8,24,40,35,73,4,7,15,60,46,111,10,3,9,30,40,75,15,3,16,55,47,101,11,10,15,40,41,80,3,13,20,52,61,113,9,3,16,34,34,70,7,3,9,48,48,90,8,3,17,40,32,70,0,6
LGA13310,17,17,29,160,141,301,3,4,7,178,162,339,13,19,35,174,169,344,24,18,41,209,206,420,22,12,32,157,140,294,15,15,27,191,161,355,17,14,25,138,156,292,8,12,20,157,173,333,22,16,40,169,142,312,16,10,23,212,171,378,88,79,166,805,744,1546,66,53,117,953,876,1829,15,16,34,151,163,317,12,12,23,180,188,369,17,14,39,149,154,304,19,10,33,187,183,372,22,26,45,163,162,321,9,13,24,191,199,391,16,16,34,170,163,331,6,17,22,197,196,385,23,13,35,165,168,331,16,18,32,202,202,397,93,90,186,802,805,1604,63,70,132,957,964,1923,15,20,35,191,161,349,18,9,29,220,189,410,21,17,34,173,153,327,21,11,34,210,186,398,20,20,42,168,155,322,22,24,42,214,195,405,20,22,42,182,157,344,12,12,26,213,194,411,19,22,42,190,144,335,8,15
LGA13340,4,3,9,47,60,102,5,4,5,48,65,117,0,3,5,57,57,105,0,6,6,59,64,121,3,5,7,45,52,95,4,7,11,53,58,110,3,7,7,67,53,123,6,6,12,75,68,148,8,3,11,71,63,138,0,5,11,86,72,152,26,17,42,279,287,567,23,21,44,330,325,653,3,6,6,57,55,112,6,5,15,70,66,135,6,6,10,77,53,130,9,7,6,92,61,153,8,9,11,52,62,108,0,3,3,60,71,129,6,0,11,68,65,136,9,3,14,88,69,157,5,6,12,66,69,144,4,6,12,75,83,164,22,26,53,327,305,632,27,23,51,381,356,736,6,0,13,66,69,133,3,4,10,76,82,155,6,3,6,82,77,160,5,6,13,94,83,179,4,8,5,88,70,153,6,9,11,100,81,178,5,0,14,77,67,143,6,5,15,90,76,169,3,0,8,89,65,154,8,7
LGA13450,20,15,32,164,144,310,0,5,8,184,166,349,20,18,45,162,148,311,18,15,33,201,183,385,21,21,32,135,149,286,11,14,21,159,182,339,14,18,32,135,138,274,11,15,29,163,167,335,25,25,42,137,129,267,8,13,20,167,166,331,95,90,187,738,711,1441,56,55,111,885,862,1746,20,21,39,143,153,292,22,14,38,181,191,368,14,20,27,139,151,286,9,7,16,165,179,336,20,19,41,154,139,292,8,20,30,189,176,360,12,16,29,156,140,294,9,8,16,179,161,347,19,12,34,167,136,306,16,17,31,203,168,370,86,90,180,754,716,1469,72,69,136,914,873,1784,12,17,36,146,147,293,13,7,18,180,173,353,18,7,28,156,147,295,16,20,35,184,177,353,9,14,24,149,131,280,13,11,29,176,159,338,19,18,34,164,131,291,13,17,35,196,170,359,10,11,25,128,147,278,13,19
LGA13550,35,30,65,70,63,132,0,6,6,114,95,201,19,33,49,61,50,114,16,12,22,95,88,185,23,21,45,53,64,114,10,10,17,82,102,183,31,18,44,74,59,133,8,9,16,107,94,198,30,24,54,62,50,111,11,9,17,100,82,182,141,126,264,318,284,601,42,45,85,497,449,949,38,26,62,68,55,117,7,6,9,111,83,191,33,25,60,69,73,145,11,9,19,109,111,224,32,16,52,61,48,112,11,5,13,110,75,186,40,28,60,52,76,129,6,10,20,105,105,211,18,25,50,70,69,140,4,10,16,102,106,202,164,121,292,324,323,647,40,39,83,538,486,1021,27,20,46,61,50,115,10,6,15,101,80,182,26,19,46,76,73,143,9,16,19,110,102,212,20,22,39,60,65,126,3,7,9,86,94,177,22,28,53,64,56,118,6,7,13,91,89,182,27,16,43,51,68,119,0,3
LGA13660,3,3,8,16,22,35,0,0,0,22,26,43,3,5,6,11,15,28,6,3,10,16,21,40,0,3,4,15,9,27,0,0,3,17,11,28,5,3,9,21,10,35,0,6,3,19,22,42,4,6,7,23,25,50,0,12,14,25,42,67,10,14,28,87,82,167,5,23,25,103,120,225,3,0,4,23,24,51,4,0,5,31,29,61,0,7,6,35,17,54,0,4,4,38,27,72,4,0,5,24,22,51,3,3,0,31,29,64,3,3,4,27,28,56,0,6,3,31,33,63,6,10,11,25,35,60,3,0,4,33,37,73,17,17,36,136,130,271,17,9,20,171,157,331,3,4,11,30,24,54,5,0,8,33,30,61,4,6,9,27,30,53,4,6,8,32,37,69,4,3,7,24,24,41,0,3,4,31,30,58,0,8,8,22,16,38,8,0,8,27,23,48,12,4,10,30,20,50,3,5
LGA13800,50,26,76,345,375,725,3,0,8,400,407,805,51,42,96,365,370,734,14,16,33,430,427,860,40,48,82,389,345,735,16,11,22,439,400,836,33,35,67,394,345,740,9,14,26,438,401,834,52,36,85,363,331,695,21,18,34,434,379,812,215,186,406,1859,1767,3623,66,60,120,2140,2008,4152,41,33,75,366,373,737,17,8,27,426,419,843,36,35,73,391,345,737,17,17,37,440,397,842,48,30,81,374,344,714,24,15,40,444,392,832,46,26,76,383,360,742,14,22,35,449,409,853,43,29,71,369,374,743,20,27,50,434,429,867,215,162,371,1884,1788,3673,95,99,193,2188,2050,4238,36,34,68,391,407,791,35,12,48,457,452,909,39,39,80,384,370,753,19,16,31,438,424,861,37,25,59,447,380,824,21,6,30,504,414,917,47,35,77,385,354,740,15,19,34,451,402,847,35,42,81,433,371,805,13,17
LGA13850,9,4,9,9,8,13,0,0,0,15,12,28,4,5,6,21,15,31,0,5,5,21,22,43,0,0,0,8,14,24,3,0,6,11,16,25,0,5,5,13,12,23,0,4,4,13,22,38,4,0,4,16,10,25,0,5,0,19,14,32,14,13,27,60,61,122,8,10,21,77,86,167,0,0,3,4,8,14,0,3,3,9,9,20,4,3,5,13,13,31,3,5,13,21,24,42,0,3,3,5,12,15,3,5,4,10,19,25,3,0,3,11,12,29,0,0,0,12,12,29,4,0,5,10,9,16,3,0,8,21,8,28,12,7,19,50,59,107,8,11,23,70,79,150,0,0,0,7,11,24,0,0,0,12,11,25,4,3,7,21,14,28,0,0,0,24,14,41,3,0,4,12,15,23,0,0,5,16,16,29,8,0,3,11,9,20,0,0,5,20,15,32,4,5,6,8,12,19,0,0
LGA13910,10,6,12,101,90,197,7,3,8,111,100,209,16,9,30,96,81,176,7,7,18,115,105,229,9,8,19,104,99,193,7,3,14,120,113,232,12,5,18,110,102,216,9,4,14,127,116,249,11,10,20,98,80,181,7,5,17,118,99,221,51,43,98,510,455,970,38,30,67,604,529,1128,5,7,14,108,82,191,4,9,15,121,97,222,17,12,29,94,93,188,4,7,15,121,115,233,8,8,18,112,106,217,4,4,12,130,119,244,12,13,24,114,125,246,13,11,24,141,154,290,18,6,30,84,99,186,9,8,21,118,119,234,67,49,116,522,508,1027,41,37,83,624,596,1226,13,13,28,127,103,235,8,7,16,155,124,276,9,18,29,112,111,222,12,14,26,139,135,273,5,11,20,103,105,207,10,10,24,126,128,251,12,7,22,104,94,197,8,0,9,123,105,229,4,13,16,108,117,223,11,4
LGA14000,0,4,8,651,591,1246,6,9,10,663,601,1264,9,4,18,713,689,1406,20,27,45,742,721,1466,6,6,16,781,714,1491,22,14,37,808,730,1542,8,5,19,780,746,1516,20,19,38,804,766,1571,14,7,17,889,826,1714,21,18,41,922,852,1771,37,36,68,3814,3555,7369,89,78,168,3932,3673,7607,5,6,11,990,827,1818,18,17,38,1016,856,1872,12,10,22,1067,939,2005,21,19,33,1094,966,2060,5,3,9,1038,979,2019,24,15,39,1066,992,2063,8,8,14,1117,1008,2125,17,13,33,1148,1027,2174,10,4,13,1085,980,2069,21,27,48,1112,1010,2125,44,29,72,5300,4733,10031,100,87,193,5444,4849,10293,11,12,22,1106,1014,2115,16,21,36,1133,1045,2175,11,3,11,1139,1075,2214,18,12,31,1169,1088,2257,11,9,14,1071,1089,2162,12,23,39,1099,1116,2214,9,19,30,1100,1024,2123,22,19,37,1129,1061,2187,10,7,23,1066,1004,2068,22,15
LGA14100,0,0,0,58,60,118,0,0,0,59,63,124,0,0,0,41,52,92,0,0,0,41,55,97,0,0,0,53,60,109,3,0,8,55,66,114,0,0,0,56,52,108,0,0,4,54,56,112,0,0,0,66,67,129,0,3,8,65,67,134,4,0,5,272,291,559,8,12,19,279,306,582,0,0,0,68,64,130,0,3,7,69,66,136,0,0,3,70,53,132,5,0,5,82,57,140,0,0,0,82,60,143,0,5,6,88,64,149,0,0,0,87,72,159,3,6,10,90,81,168,0,0,0,92,72,166,0,0,0,97,72,167,3,0,3,404,326,735,18,12,29,423,336,760,0,0,0,72,88,163,0,0,5,74,93,167,0,0,0,90,84,169,3,0,3,91,86,177,0,0,4,115,80,189,4,0,4,119,79,202,3,0,3,102,105,205,3,0,3,109,101,212,3,0,3,121,92,204,0,5
LGA14170,20,14,36,989,1033,2022,3,7,8,1015,1053,2064,13,10,22,903,809,1714,36,24,57,949,841,1790,14,11,28,922,854,1773,24,35,62,965,899,1866,12,18,33,834,785,1623,33,34,68,874,838,1720,11,9,25,818,812,1625,33,26,58,859,850,1707,70,64,135,4470,4285,8757,122,129,251,4665,4479,9148,7,12,24,879,831,1702,44,36,78,934,874,1805,18,19,38,863,772,1635,30,20,53,913,814,1727,13,20,31,845,837,1683,24,33,59,882,886,1770,20,8,35,830,853,1679,21,24,47,875,889,1763,14,18,34,841,839,1680,28,27,53,887,888,1770,79,91,166,4254,4130,8382,154,135,287,4482,4355,8834,8,12,20,864,825,1696,34,25,59,908,867,1771,15,15,31,931,840,1776,27,19,44,975,876,1852,10,16,27,860,845,1704,27,28,53,895,884,1780,23,11,34,831,765,1601,20,11,30,881,788,1666,17,15,33,803,768,1574,19,28
LGA14220,18,30,49,72,56,132,6,0,4,92,88,181,30,15,47,87,67,150,12,15,31,129,97,233,21,27,47,66,71,136,5,6,12,100,100,202,35,17,52,62,63,125,13,13,20,106,95,200,21,31,49,68,78,147,5,7,17,94,112,205,130,122,251,360,329,691,44,46,87,529,497,1026,14,18,35,84,70,155,10,9,16,112,101,209,27,17,43,64,79,137,10,10,18,98,107,205,22,36,58,80,80,162,9,16,21,111,130,236,20,25,44,86,93,182,11,18,27,123,133,251,31,23,54,98,90,188,13,15,26,136,132,266,116,120,234,406,414,818,48,66,114,572,598,1171,27,23,55,87,63,148,13,10,30,130,101,227,18,24,48,93,87,183,17,15,33,133,126,257,29,23,55,82,82,169,8,18,26,114,126,246,22,24,49,90,97,187,8,15,24,128,127,254,25,21,43,94,72,169,15,13
LGA14300,0,5,10,31,28,56,0,0,0,35,32,69,0,6,7,23,12,39,0,0,0,28,17,54,3,0,3,33,27,56,0,3,5,35,29,60,3,5,13,30,34,66,0,4,4,37,42,77,5,0,4,23,31,59,0,4,4,34,40,67,16,20,32,142,135,275,4,5,15,166,162,331,4,0,5,33,38,67,0,0,3,37,36,80,8,5,8,28,24,53,0,0,0,32,36,68,4,3,6,33,32,68,6,0,4,40,41,75,3,0,6,30,25,59,0,4,0,34,33,67,5,0,3,23,26,50,0,0,3,33,31,60,18,15,33,150,148,300,5,7,17,178,171,348,7,8,16,32,38,70,3,5,8,39,46,84,0,3,7,37,18,57,0,7,5,39,24,64,5,5,11,31,34,66,3,0,0,39,43,76,3,7,10,26,29,51,5,3,8,36,33,72,8,3,12,30,24,54,6,5
LGA14350,24,31,54,107,109,214,5,0,6,137,141,277,40,32,76,125,83,212,16,10,30,184,133,315,48,34,83,118,87,205,11,17,30,178,142,313,38,57,93,106,99,198,18,14,39,157,167,326,46,36,80,97,102,203,20,12,35,158,158,319,191,188,382,549,480,1036,72,56,129,817,732,1548,32,50,86,128,103,230,19,11,41,186,169,354,35,33,67,100,118,216,12,9,18,144,158,300,45,41,88,91,103,190,15,18,30,150,165,314,46,48,91,109,114,220,21,15,33,172,177,346,26,43,71,125,121,246,13,17,35,170,185,348,190,213,401,550,557,1107,75,76,153,818,851,1669,47,49,96,137,121,262,14,15,32,201,181,383,41,42,86,109,148,259,15,19,31,163,212,377,45,41,83,122,134,250,17,15,30,183,183,367,34,31,66,136,125,258,15,16,36,187,173,353,47,44,89,131,121,250,16,14
LGA14400,6,8,10,89,100,188,0,0,0,95,105,207,0,3,0,110,131,235,4,3,12,116,133,250,9,6,10,98,91,188,0,0,3,107,97,205,4,4,11,148,94,249,7,7,12,163,105,265,9,5,12,117,96,211,5,4,5,126,101,231,18,26,46,564,509,1074,23,8,37,608,547,1149,4,14,14,132,141,277,3,5,14,143,160,301,5,0,5,126,110,237,3,0,5,131,114,243,12,7,15,127,128,254,3,0,6,141,135,281,0,9,9,137,107,244,0,6,6,137,123,256,11,6,15,122,118,240,0,12,10,130,137,273,25,33,62,643,615,1257,14,20,35,679,671,1356,4,6,8,120,102,219,0,0,0,123,105,233,7,3,12,132,124,264,4,3,8,147,130,280,10,6,18,113,121,235,4,3,5,129,128,251,8,4,10,141,98,239,3,11,11,150,113,262,4,10,8,139,107,242,9,0
LGA14500,3,4,8,478,402,877,10,6,12,485,409,895,0,4,8,489,473,956,14,8,19,497,483,986,0,0,8,545,486,1037,18,11,29,573,502,1070,3,0,3,604,590,1190,11,17,26,615,604,1217,0,0,3,732,676,1405,12,12,27,745,691,1435,11,9,21,2846,2624,5469,62,50,111,2917,2681,5602,4,4,3,732,742,1483,8,6,17,747,752,1505,0,5,4,826,808,1631,9,11,19,831,822,1655,0,0,3,904,788,1689,9,15,27,912,797,1717,0,5,5,944,917,1863,15,17,33,963,937,1895,0,0,0,945,882,1831,9,8,20,961,891,1852,3,11,14,4359,4142,8494,57,58,117,4420,4208,8624,0,4,4,1005,947,1948,20,11,31,1026,964,1986,5,3,4,981,925,1910,17,18,35,1006,943,1950,0,0,6,940,942,1883,13,18,30,958,964,1916,7,0,5,1010,999,2006,9,16,26,1029,1009,2031,3,3,8,1059,937,2003,20,8
LGA14550,0,0,3,31,30,62,0,0,3,34,37,65,9,6,14,20,30,53,4,0,6,36,41,74,3,5,7,40,33,66,10,0,11,48,35,85,4,6,14,33,40,74,10,5,9,49,51,97,5,0,12,29,33,65,4,0,7,43,38,85,24,27,46,153,161,315,30,11,36,203,198,402,9,5,12,38,33,66,0,5,11,48,47,89,9,0,15,29,34,66,8,7,15,50,46,91,4,7,10,27,34,63,7,9,18,42,51,91,10,0,14,39,42,83,7,7,14,49,52,105,10,8,20,31,40,65,11,9,15,48,53,103,40,22,64,162,181,345,36,37,69,235,247,483,10,9,17,49,41,94,10,10,17,68,53,124,4,11,16,41,48,92,5,8,11,46,68,117,8,12,16,64,41,105,8,12,18,73,61,136,3,9,15,51,50,94,0,8,13,61,64,126,0,3,7,41,45,84,4,3
LGA14600,10,16,23,25,20,36,0,0,0,31,31,66,15,11,23,37,20,54,8,8,15,57,35,99,15,13,27,15,30,46,3,11,13,36,47,83,12,14,22,16,19,35,6,6,11,36,36,69,10,5,16,23,37,55,3,4,12,34,50,85,52,60,114,111,114,229,25,27,53,194,202,398,18,11,30,32,22,57,10,8,16,55,43,102,12,5,16,29,22,43,7,4,7,42,30,73,14,6,22,40,25,64,7,5,12,57,36,98,20,11,30,27,30,59,3,7,14,49,50,100,13,12,27,25,33,62,3,11,19,47,49,100,68,50,119,147,131,287,31,41,67,250,216,470,15,9,28,32,25,54,6,5,10,54,40,93,15,11,30,29,24,55,8,7,18,50,49,105,15,14,25,21,28,56,4,0,6,49,43,87,10,11,26,20,15,39,6,7,13,33,37,65,10,11,27,24,20,50,4,3
LGA14650,134,135,274,1065,964,2027,13,18,27,1209,1115,2332,113,133,243,1052,942,1994,38,44,80,1200,1117,2317,130,108,248,1010,996,2007,43,42,77,1185,1148,2335,146,127,273,1068,1032,2090,38,36,75,1252,1194,2444,133,129,262,1107,1089,2200,43,46,82,1289,1256,2542,659,636,1300,5299,5018,10320,174,177,346,6133,5832,11966,137,135,274,1192,1066,2261,33,53,92,1365,1260,2626,153,148,300,1148,1133,2277,40,41,83,1339,1317,2660,156,130,287,1170,1121,2294,51,37,88,1379,1293,2667,146,127,274,1220,1134,2359,54,45,106,1425,1314,2739,155,134,288,1242,1139,2374,42,58,99,1436,1327,2765,742,678,1422,5970,5589,11560,228,242,466,6941,6509,13451,129,125,260,1138,1160,2296,46,43,91,1308,1332,2643,151,121,271,1209,1117,2330,49,35,87,1414,1277,2695,148,126,272,1140,1143,2281,55,44,93,1347,1310,2658,142,137,281,1210,1125,2335,54,42,92,1408,1300,2708,136,126,255,1195,1108,2303,41,44
LGA14700,5,0,5,243,265,513,0,3,3,245,267,518,3,0,8,229,257,483,12,12,24,241,269,510,0,0,0,240,213,449,7,4,13,248,216,461,0,0,0,228,223,454,8,13,19,238,237,474,0,0,0,233,198,425,4,7,10,236,196,438,7,0,7,1170,1152,2322,34,36,74,1212,1193,2403,0,0,0,282,223,500,10,10,15,287,225,517,0,0,0,263,243,500,6,3,11,269,242,509,0,0,0,211,231,437,4,4,10,213,234,447,3,0,3,270,241,510,6,7,13,273,247,521,0,0,0,266,250,517,9,8,12,275,261,535,3,7,4,1287,1182,2467,31,28,62,1321,1213,2531,4,0,4,200,183,376,0,5,5,200,186,383,0,3,3,245,236,483,8,4,11,255,240,490,0,0,6,233,181,412,6,4,7,238,189,430,0,0,4,247,211,459,3,4,5,252,221,466,0,0,5,230,227,461,7,7
LGA14750,11,13,24,64,45,109,0,0,0,75,61,131,10,12,30,42,54,98,6,7,12,65,75,139,11,11,19,61,47,109,8,11,15,74,71,142,10,7,21,51,49,98,7,9,15,67,67,134,8,8,24,61,58,116,5,3,16,78,74,154,56,61,121,278,251,526,21,37,56,354,345,703,12,9,19,54,65,123,10,10,18,68,94,163,7,10,21,58,52,116,10,10,12,74,69,150,11,10,20,61,53,116,11,9,11,79,69,149,11,13,23,52,63,119,8,9,15,72,82,155,12,11,23,63,73,138,12,14,25,84,95,186,52,47,101,293,318,611,37,49,83,382,415,800,19,12,26,61,45,105,6,8,6,81,57,138,14,8,29,57,53,106,9,7,13,75,70,148,3,12,20,95,74,166,3,6,8,102,98,202,9,13,23,99,90,188,13,5,18,119,110,229,16,14,30,83,83,171,3,10
LGA14850,27,25,53,171,151,324,0,9,9,200,182,382,25,29,57,157,181,338,16,15,35,201,223,426,33,30,55,179,152,330,16,21,38,227,201,426,24,18,36,160,184,346,23,19,36,206,218,422,29,21,46,203,161,366,19,17,36,256,194,452,133,120,248,877,826,1704,79,78,159,1086,1022,2106,19,24,50,211,181,393,26,24,49,250,235,491,26,24,51,179,188,369,20,14,34,227,221,451,35,21,59,216,209,421,29,19,46,282,246,534,23,31,56,228,206,438,14,17,34,272,261,532,37,31,70,227,226,451,24,21,45,285,278,558,149,133,281,1066,1015,2081,106,98,206,1319,1248,2570,38,37,72,236,213,449,25,19,45,296,267,560,30,27,54,232,251,489,25,17,41,286,298,582,29,19,51,258,222,479,32,20,46,313,263,577,36,28,59,248,218,464,18,24,41,301,264,568,37,33,72,254,232,485,29,31
LGA14870,14,6,27,79,67,150,0,0,0,99,83,182,18,19,31,72,84,154,10,5,10,99,102,201,10,21,27,87,67,153,5,3,10,101,89,194,16,20,35,75,62,141,8,7,8,95,90,181,20,20,34,77,68,144,8,9,18,97,98,195,70,84,158,395,352,749,29,28,53,496,464,958,14,26,37,106,97,206,9,3,18,134,126,261,10,26,32,94,83,177,11,3,10,110,107,225,22,19,35,89,81,174,10,12,19,112,107,225,18,12,33,99,94,191,15,6,17,131,109,239,22,12,37,82,104,185,7,7,18,109,130,236,81,90,173,467,458,928,47,36,87,596,587,1182,18,17,37,103,101,206,12,10,23,128,129,260,24,23,40,89,88,175,8,16,23,119,127,240,16,10,28,103,93,196,13,11,22,124,121,246,20,14,38,96,97,197,12,11,16,125,124,254,24,14,38,125,100,219,9,10
LGA14900,45,55,100,1568,1441,3010,19,20,37,1640,1516,3157,31,45,77,1609,1427,3037,129,123,249,1760,1597,3362,33,39,69,1631,1486,3116,107,93,196,1767,1621,3387,40,51,90,1598,1488,3089,116,91,210,1751,1633,3381,40,28,72,1598,1506,3098,108,106,213,1741,1642,3383,188,217,405,7999,7354,15355,473,433,905,8663,7999,16664,34,43,82,1678,1567,3245,94,109,207,1806,1726,3531,54,38,92,1656,1531,3186,115,95,208,1822,1667,3495,49,42,84,1683,1609,3286,101,96,195,1825,1745,3572,58,34,94,1667,1495,3158,102,107,206,1828,1630,3457,44,37,80,1726,1592,3320,115,98,220,1892,1723,3619,238,193,435,8402,7791,16196,530,502,1038,9179,8492,17670,43,44,87,1657,1619,3270,111,103,206,1805,1758,3564,43,58,100,1634,1546,3179,92,82,173,1770,1684,3455,46,37,82,1504,1553,3054,106,82,190,1646,1679,3327,52,37,84,1577,1560,3145,96,82,186,1732,1680,3415,45,43,84,1667,1587,3252,73,62
LGA14920,12,8,22,19,21,43,0,0,0,26,31,60,18,7,24,30,20,52,4,4,8,51,34,85,13,9,23,30,30,54,5,0,4,47,36,82,10,11,18,20,18,43,3,0,7,34,29,63,9,10,25,31,27,54,6,4,10,46,40,85,59,54,113,128,114,242,24,11,30,208,179,385,4,11,22,41,10,57,0,7,12,53,30,80,8,18,19,35,29,63,6,6,10,45,45,95,9,14,23,28,21,50,13,5,18,49,41,88,15,11,25,36,21,55,3,3,8,55,33,89,12,15,30,28,32,61,0,6,9,46,54,97,54,64,114,166,123,287,36,23,52,251,206,453,6,19,28,35,37,73,6,0,12,45,63,108,8,14,24,38,21,52,4,0,6,45,41,83,11,11,17,30,37,65,3,3,7,41,49,89,10,12,25,32,19,51,11,4,15,52,38,93,15,13,28,36,40,77,13,7
LGA14950,0,3,0,14,19,36,0,0,0,16,19,36,0,0,5,11,13,27,3,0,6,18,13,31,0,3,3,21,12,35,0,4,4,27,19,42,0,0,0,21,18,41,0,7,9,25,31,49,3,3,9,10,21,31,6,0,3,19,23,43,10,13,20,83,79,167,11,11,19,100,103,204,3,6,6,26,12,39,6,0,4,31,22,54,0,0,0,25,26,42,0,0,0,23,26,47,0,6,6,23,23,46,4,0,8,26,27,50,3,0,4,24,12,31,0,3,3,26,17,41,0,0,0,19,24,45,0,3,3,21,27,49,6,13,21,108,97,207,10,9,15,122,115,238,0,0,0,23,22,39,0,0,0,25,23,45,7,0,7,19,27,37,0,5,3,18,29,53,3,8,6,21,20,41,3,0,3,24,27,55,0,4,4,17,20,34,3,0,4,23,23,49,4,0,9,20,20,38,4,0
LGA15050,91,92,180,558,509,1067,7,6,13,653,598,1255,82,82,166,535,476,1010,29,20,43,641,581,1222,92,78,169,498,533,1029,16,21,38,598,631,1232,100,80,173,517,514,1029,26,23,51,636,616,1245,84,83,164,536,503,1034,21,31,53,645,616,1260,440,418,853,2641,2526,5169,100,101,200,3175,3039,6220,99,82,179,512,536,1053,20,23,48,636,643,1283,87,93,177,520,552,1068,32,26,55,633,673,1306,95,70,169,547,534,1074,27,23,51,662,633,1292,83,90,175,569,515,1085,19,19,42,669,622,1299,94,90,182,613,547,1154,31,18,54,737,657,1388,460,421,880,2755,2685,5441,127,117,244,3346,3223,6571,83,86,172,583,526,1107,38,27,62,704,637,1342,91,69,157,544,527,1068,23,19,41,654,615,1268,107,75,179,549,495,1043,35,27,56,687,601,1285,80,87,162,511,529,1038,18,28,45,606,635,1240,82,97,187,592,516,1108,32,21
LGA15240,67,55,114,293,303,589,18,10,23,375,357,734,87,81,164,283,273,555,41,22,65,404,374,781,64,73,136,290,302,589,22,39,67,375,414,789,61,68,128,288,303,587,24,28,54,373,390,768,91,90,176,299,312,607,24,29,51,410,432,841,362,360,722,1450,1485,2931,131,122,256,1945,1964,3907,76,72,149,304,321,628,39,37,80,429,433,858,90,84,172,390,346,735,31,44,76,511,469,984,97,72,169,331,337,674,49,40,87,476,454,928,82,91,175,336,346,683,35,37,71,462,472,932,96,99,199,414,366,773,40,42,86,549,512,1061,449,423,867,1778,1719,3495,196,198,392,2424,2334,4759,90,89,174,428,367,798,39,39,78,551,500,1054,84,87,173,388,409,801,39,44,85,514,544,1056,90,91,177,458,382,841,44,37,79,585,512,1096,78,75,156,415,414,826,38,39,75,532,524,1058,85,95,183,463,401,863,42,43
LGA15270,21,21,40,134,124,258,5,3,7,155,146,304,15,14,35,126,132,258,9,14,20,152,160,315,20,17,40,127,98,227,14,10,25,164,122,289,25,24,48,131,121,248,10,11,17,157,153,309,25,13,37,109,138,245,12,8,30,149,163,306,108,92,196,619,614,1236,50,44,98,775,752,1528,31,23,45,144,130,274,11,17,28,185,167,349,18,16,39,177,146,322,24,12,35,220,174,394,33,24,57,130,133,263,18,9,28,180,158,345,19,16,30,156,166,318,15,15,30,190,196,384,24,27,53,132,150,287,11,16,26,170,194,365,119,103,220,746,718,1464,79,64,147,943,895,1829,26,16,46,139,121,261,12,14,28,184,154,338,24,16,36,161,137,297,18,20,37,206,169,371,23,15,38,151,123,279,14,8,22,189,154,345,19,31,49,133,139,271,25,19,36,174,181,353,21,18,39,143,144,287,13,11
LGA15300,28,21,51,57,42,97,4,3,6,87,66,156,25,29,57,42,36,81,28,13,37,101,76,176,21,12,33,49,33,84,15,10,28,88,54,144,25,26,48,45,33,82,16,18,37,88,75,162,29,31,60,47,36,87,19,14,33,93,83,184,127,119,254,249,179,424,83,59,147,458,361,815,30,33,59,41,50,92,19,21,41,90,100,194,17,18,40,52,39,87,16,21,40,85,83,170,29,23,55,50,50,98,28,26,54,106,101,207,27,33,58,51,46,97,23,24,45,97,97,195,24,15,43,45,49,97,12,23,36,80,88,175,129,123,256,243,233,476,98,110,207,465,470,936,30,28,64,58,45,106,26,27,53,120,104,226,23,27,49,41,41,84,22,19,41,89,89,173,18,37,55,37,38,75,24,19,40,79,89,172,21,27,52,33,38,73,11,16,30,67,86,156,28,18,46,44,40,82,17,10
LGA15350,4,0,4,117,119,233,0,0,6,119,116,240,0,0,0,122,118,243,3,3,4,128,120,251,0,0,0,112,127,235,3,5,9,109,132,240,0,0,0,103,116,224,5,9,12,107,121,229,0,0,0,135,115,248,5,4,7,139,124,256,6,0,6,591,591,1178,14,17,35,612,610,1220,0,0,0,163,132,292,10,0,6,167,132,304,0,0,4,131,130,263,8,0,7,132,139,273,0,0,0,151,150,309,4,3,6,164,159,319,0,0,0,136,154,289,6,0,7,143,152,293,0,0,0,153,172,325,7,7,15,161,179,337,0,4,6,733,738,1471,28,15,46,766,759,1522,0,0,0,172,176,354,8,0,11,180,184,366,0,0,0,161,190,354,13,11,24,171,197,376,0,0,0,199,168,367,4,0,5,202,169,376,0,0,0,172,185,360,4,3,8,181,189,368,0,0,0,214,167,382,3,5
LGA15520,6,4,5,76,59,133,4,6,6,78,62,143,3,4,10,68,46,114,9,5,15,81,59,136,0,7,5,64,50,112,0,3,3,68,57,126,5,0,12,48,65,109,6,0,10,61,67,127,3,5,8,63,53,113,0,4,7,72,60,133,25,21,40,313,270,581,27,18,40,360,301,664,10,3,11,62,48,109,4,9,10,74,60,126,7,5,11,62,57,116,7,3,10,73,62,135,0,7,8,68,42,110,6,0,5,69,53,122,6,5,10,61,74,135,11,5,16,79,89,164,0,0,6,60,87,142,3,3,6,65,92,159,25,23,43,313,303,618,23,18,47,356,351,704,4,8,13,58,79,140,5,8,11,72,90,162,8,3,13,70,63,131,7,4,18,86,74,161,12,8,23,56,71,126,3,3,7,71,86,162,9,7,12,62,55,109,8,9,18,79,67,146,5,17,17,74,66,142,0,4
LGA15560,0,0,0,13,17,32,0,0,0,16,17,35,0,4,3,20,3,29,7,0,7,22,11,33,0,9,7,17,8,24,0,0,0,21,15,36,5,0,5,12,21,29,0,0,4,16,22,41,4,4,9,23,16,37,0,0,4,29,18,49,12,16,28,83,69,151,4,4,13,103,86,186,3,3,10,13,8,26,0,0,0,18,14,33,3,0,6,18,15,35,5,0,5,25,17,43,4,0,4,18,4,25,0,3,3,19,10,26,0,3,0,18,17,35,4,0,4,23,20,43,4,3,7,16,10,22,5,0,5,24,12,32,15,8,26,83,62,142,17,3,14,111,74,179,0,3,5,14,16,32,0,4,5,15,26,38,7,0,7,14,12,25,0,5,5,23,20,40,0,3,3,16,15,32,3,7,7,23,18,37,4,7,9,15,16,32,0,0,0,17,18,40,3,6,5,14,18,28,7,4
LGA15650,26,12,41,92,63,160,4,3,9,120,86,207,28,22,49,69,69,137,3,6,9,103,90,190,27,20,45,77,87,164,3,7,4,106,108,217,30,22,48,71,66,138,8,4,10,114,93,201,30,21,54,73,76,151,11,5,18,110,103,216,146,92,238,378,359,742,33,17,52,553,480,1028,36,20,56,92,80,174,6,3,12,140,105,244,31,24,54,87,84,179,9,9,19,131,123,255,25,25,53,95,89,179,9,10,22,130,123,253,35,24,56,73,67,139,8,6,12,112,94,211,25,21,49,102,101,206,10,12,23,138,138,273,157,120,272,456,424,880,42,39,81,650,582,1229,28,16,45,93,97,189,6,12,14,126,122,248,14,24,40,94,88,182,6,13,16,121,118,239,24,15,40,88,80,168,10,10,20,119,105,226,26,22,47,86,93,175,11,3,12,120,111,233,25,22,48,111,83,190,9,7
LGA15700,14,16,27,63,77,140,4,0,7,84,92,177,19,20,34,83,69,145,10,12,22,110,95,203,19,19,36,65,76,143,3,12,19,91,105,198,16,18,33,83,70,152,10,14,21,105,103,207,8,20,29,79,81,152,3,8,13,93,107,195,78,89,165,369,364,730,38,51,84,481,500,978,20,26,39,78,72,154,8,3,12,101,98,201,16,5,23,72,71,146,8,7,22,96,90,193,22,11,34,80,68,152,6,11,16,111,94,197,14,18,29,85,76,160,12,5,10,106,94,205,19,13,39,79,89,170,8,19,20,112,117,229,90,72,162,395,377,772,41,46,87,528,494,1021,15,16,25,93,73,158,6,15,21,114,99,207,16,19,36,82,91,172,16,12,26,118,118,239,22,17,37,84,87,168,19,11,26,116,119,235,25,17,42,102,103,203,14,14,22,137,134,268,16,21,41,96,105,204,8,11
LGA15750,24,13,40,59,52,105,5,0,3,85,67,151,20,24,45,52,44,94,7,8,13,79,77,153,18,11,35,56,38,98,13,9,20,92,56,146,15,16,31,46,58,102,4,5,5,64,79,141,21,21,44,55,59,114,3,10,11,82,92,166,99,92,193,265,242,509,28,33,62,393,372,764,12,23,37,55,49,101,20,5,17,95,70,159,24,23,46,67,48,120,12,11,21,106,82,188,17,27,46,49,59,110,13,8,22,78,95,175,32,23,55,59,62,124,11,10,20,100,92,196,25,21,46,35,47,86,7,10,16,65,81,153,117,114,233,268,272,540,59,42,100,446,422,873,27,23,45,61,59,126,12,14,22,102,96,196,24,21,47,63,67,129,17,7,21,102,97,198,27,30,55,68,41,111,12,11,26,109,84,190,19,29,48,50,63,112,6,8,20,82,101,179,20,25,40,47,47,90,6,8
LGA15800,4,8,14,31,22,50,0,3,4,36,31,62,5,6,15,24,17,41,4,3,8,34,30,66,9,9,21,24,16,37,3,5,6,38,27,67,12,10,21,22,17,42,0,7,9,36,33,70,9,8,17,23,15,39,0,0,0,30,33,61,47,44,89,117,91,206,9,16,29,174,148,324,14,9,20,31,24,52,6,4,6,45,34,86,12,11,25,32,21,52,0,0,3,43,36,82,3,8,16,29,26,56,12,8,18,43,40,83,4,6,13,28,22,48,4,0,6,36,33,72,9,9,14,25,27,55,3,3,10,37,39,80,43,46,89,140,127,269,28,20,43,211,187,398,10,10,17,21,26,46,4,7,8,27,51,77,15,8,19,33,31,62,10,5,16,56,39,95,14,9,26,25,29,47,9,7,19,44,43,88,13,14,24,20,32,53,3,8,8,37,52,87,4,5,7,24,33,58,6,0
LGA15850,12,9,18,23,28,48,7,3,10,38,38,82,11,9,22,25,18,38,5,6,19,41,35,81,8,12,19,29,13,46,8,4,5,41,28,73,17,11,28,27,16,39,8,4,11,52,29,81,19,9,32,26,26,51,3,8,11,50,38,90,74,44,121,126,97,227,23,32,50,230,176,405,18,12,29,17,24,41,4,9,7,39,39,80,15,11,29,17,27,42,6,8,16,40,40,85,19,13,30,21,21,44,10,4,13,46,44,92,22,25,44,26,20,46,7,5,15,52,48,101,18,16,32,19,19,38,14,11,24,49,51,96,89,79,166,103,111,215,39,39,75,232,229,457,18,22,35,29,20,51,9,9,17,53,46,104,12,21,33,24,27,44,8,5,11,45,54,93,19,20,38,34,15,52,12,3,17,66,42,106,15,13,34,30,17,40,6,6,14,50,37,89,26,12,39,27,18,46,9,12
LGA15900,66,84,151,863,828,1690,7,10,19,939,918,1858,84,66,150,793,742,1538,29,32,62,908,848,1747,67,59,135,798,764,1568,26,34,63,898,863,1759,67,60,128,773,730,1502,24,31,59,866,823,1688,54,69,128,800,744,1546,29,29,56,891,839,1734,345,343,688,4034,3814,7846,126,131,258,4504,4285,8792,77,74,147,832,785,1622,27,25,52,939,884,1824,69,61,130,809,779,1586,34,37,72,913,877,1792,69,64,134,899,799,1701,43,22,71,1011,891,1903,87,65,152,913,790,1707,40,29,70,1038,884,1926,73,71,147,870,812,1684,28,19,52,968,905,1873,373,332,707,4321,3971,8290,172,139,318,4871,4447,9317,80,71,146,890,804,1689,32,28,63,999,903,1898,73,78,154,847,803,1654,48,30,75,962,911,1875,60,73,128,849,815,1669,22,32,60,937,924,1858,86,71,155,812,801,1619,28,27,58,929,905,1830,72,82,153,784,786,1575,36,28
LGA15950,5,0,3,413,427,836,4,5,5,417,430,848,0,0,0,358,349,705,8,9,23,366,362,732,0,4,4,331,305,640,7,3,20,345,315,661,0,0,4,305,301,600,9,9,18,316,309,621,4,0,4,288,258,544,14,4,21,305,269,570,3,9,18,1699,1637,3332,47,40,82,1753,1682,3435,0,0,0,315,265,580,3,9,15,321,275,599,0,4,3,286,282,564,7,10,21,294,293,589,0,0,4,278,262,539,15,15,25,291,272,564,0,0,0,259,266,530,4,3,12,268,274,543,5,0,4,262,289,547,5,15,27,273,307,581,8,9,14,1412,1354,2765,41,53,95,1451,1417,2870,0,0,0,240,228,468,6,9,18,247,238,483,0,0,0,243,256,497,9,10,16,251,261,518,0,5,5,248,238,486,8,3,17,255,247,504,0,0,0,231,235,462,4,6,13,235,240,473,0,0,0,219,209,427,0,10
LGA15990,19,19,29,1509,1349,2863,19,14,33,1540,1380,2923,22,9,29,1299,1249,2545,41,49,94,1359,1310,2667,13,7,31,1289,1322,2616,39,38,77,1349,1369,2711,18,15,30,1366,1349,2718,33,43,76,1417,1408,2827,17,16,27,1507,1418,2925,48,32,77,1570,1461,3033,79,69,146,6973,6690,13663,179,174,354,7237,6930,14169,20,18,35,1510,1476,2986,33,46,77,1567,1530,3100,17,10,34,1524,1471,2997,42,42,81,1583,1524,3110,11,11,23,1623,1543,3166,36,28,62,1677,1575,3251,15,20,33,1693,1571,3262,39,46,86,1748,1632,3378,23,13,36,1757,1549,3309,51,43,93,1830,1605,3437,87,74,159,8109,7604,15721,208,195,401,8402,7877,16274,23,8,34,1745,1710,3452,46,42,87,1812,1766,3577,15,16,33,1868,1693,3559,49,51,99,1933,1757,3691,17,6,25,1798,1649,3450,33,44,82,1850,1702,3555,18,12,31,1850,1768,3613,51,39,94,1918,1824,3741,17,13,31,1854,1759,3611,49,35
LGA16100,0,5,5,25,21,50,0,0,0,25,26,50,0,5,5,27,14,39,3,3,11,30,25,58,3,9,5,22,15,41,0,0,0,25,22,48,3,0,3,22,22,45,0,3,7,28,23,54,7,4,13,18,18,39,5,4,8,28,27,57,11,17,32,112,102,210,12,13,26,136,129,264,3,0,3,24,24,48,3,3,11,34,34,64,3,0,5,20,33,57,5,0,5,34,33,66,3,0,8,27,35,55,9,11,11,38,48,80,3,0,6,21,16,34,6,3,7,30,19,51,5,0,3,21,34,54,3,0,8,26,40,64,15,8,22,117,137,252,24,24,49,157,165,321,0,4,6,31,31,62,3,8,8,36,41,75,3,4,10,24,35,53,5,3,4,34,38,70,5,0,8,30,21,53,10,0,13,46,24,72,3,0,7,26,33,62,5,8,9,37,38,76,0,6,4,35,37,63,8,5
LGA16150,51,34,87,304,213,518,8,3,11,364,248,619,34,24,60,255,225,477,15,18,35,303,265,572,38,37,77,269,240,504,22,23,46,329,296,628,37,39,76,275,222,494,14,13,33,320,280,603,42,44,87,275,242,516,16,18,36,331,309,638,207,181,386,1375,1141,2513,71,87,153,1644,1404,3052,45,49,93,262,244,507,10,21,38,322,316,639,51,37,89,268,236,509,14,19,27,335,292,621,38,40,80,279,245,521,17,13,28,336,297,633,41,41,79,279,243,520,22,10,33,342,297,639,36,35,72,249,250,501,11,22,32,297,305,604,210,200,415,1345,1215,2562,70,83,160,1631,1504,3140,45,43,89,240,232,472,18,8,25,303,287,589,47,43,84,260,253,511,20,15,32,326,312,633,49,45,95,269,250,518,17,18,35,335,316,648,43,35,77,284,257,537,15,12,28,339,303,640,44,42,90,287,272,560,18,16
LGA16200,21,19,42,72,60,132,0,0,3,95,79,177,34,21,58,55,67,123,4,7,16,96,98,191,23,17,46,79,56,136,7,4,15,120,80,194,24,13,40,69,51,120,8,0,9,104,62,165,20,21,39,56,68,124,7,7,9,80,98,174,122,98,219,338,296,637,28,21,54,493,421,910,22,30,56,75,62,128,5,9,14,102,97,199,31,25,55,61,47,109,6,4,13,98,74,175,22,23,47,55,61,115,11,9,14,83,92,179,18,17,36,71,78,149,3,3,9,96,102,197,23,22,48,80,72,148,11,11,23,115,107,221,117,114,237,336,318,655,39,40,80,497,472,968,23,23,43,68,77,149,8,6,18,98,107,207,24,18,43,70,95,167,0,10,7,100,127,218,18,13,32,73,69,144,9,10,17,95,94,191,27,26,53,88,75,162,7,8,23,122,115,232,27,25,48,83,64,147,8,0
LGA16260,20,14,36,1602,1495,3094,16,10,21,1634,1520,3154,22,13,39,1497,1486,2984,80,78,156,1606,1582,3184,15,11,31,1535,1482,3018,63,58,118,1615,1552,3164,15,18,30,1537,1478,3013,64,59,131,1615,1556,3170,18,19,34,1632,1571,3197,75,63,131,1721,1645,3367,96,79,177,7804,7507,15312,298,268,565,8194,7854,16047,12,14,24,1612,1593,3205,48,69,115,1675,1674,3350,14,9,17,1648,1619,3263,52,61,113,1708,1687,3390,18,18,32,1638,1543,3180,57,59,121,1714,1622,3328,15,14,31,1653,1591,3247,49,55,106,1721,1661,3380,16,10,28,1610,1431,3041,59,49,107,1681,1492,3175,71,64,133,8160,7779,15939,261,291,556,8493,8136,16632,17,14,30,1494,1431,2925,64,55,113,1571,1494,3063,14,18,32,1513,1280,2796,58,55,115,1587,1356,2944,17,17,33,1326,1266,2591,48,44,94,1393,1326,2715,13,12,28,1326,1269,2597,44,46,88,1388,1330,2711,13,15,29,1228,1170,2399,52,56
LGA16350,158,148,309,1451,1295,2743,18,12,33,1630,1459,3090,143,125,267,1362,1338,2703,117,95,212,1624,1555,3177,145,141,280,1440,1291,2724,82,88,171,1663,1514,3177,108,139,249,1391,1249,2640,89,76,168,1592,1462,3048,121,118,243,1432,1306,2741,72,92,165,1622,1517,3145,673,668,1343,7080,6475,13551,374,364,740,8130,7509,15640,133,105,233,1415,1379,2795,72,97,172,1617,1583,3204,141,137,278,1386,1302,2689,87,71,157,1619,1509,3132,132,119,251,1329,1340,2669,81,92,178,1540,1552,3096,136,107,247,1412,1265,2674,83,93,180,1633,1467,3103,134,104,238,1379,1307,2683,75,84,155,1592,1490,3083,679,578,1253,6916,6597,13516,401,438,842,8001,7607,15608,115,93,213,1306,1326,2634,82,86,167,1507,1502,3010,125,119,244,1351,1224,2571,87,99,184,1559,1438,2998,124,125,251,1378,1267,2642,80,82,160,1580,1466,3049,118,113,228,1263,1276,2540,85,60,145,1463,1450,2914,118,116,230,1326,1211,2532,71,69
LGA16380,62,52,115,311,313,630,7,3,14,381,371,752,54,40,102,318,305,626,18,19,38,396,371,760,55,68,122,304,274,582,16,15,34,379,355,731,46,56,108,377,305,683,20,20,41,446,379,830,56,38,94,331,316,654,16,10,28,405,367,774,282,248,536,1646,1517,3166,81,74,152,2006,1837,3849,53,57,106,389,359,742,30,19,44,468,428,895,62,62,127,388,354,740,19,25,39,470,435,905,51,59,108,353,353,711,14,21,37,422,433,853,56,45,106,404,413,813,20,21,43,487,482,967,50,66,113,462,453,917,22,20,45,531,542,1070,275,284,560,1993,1929,3919,102,113,213,2369,2324,4688,61,52,112,479,412,888,24,23,43,562,486,1047,59,58,114,442,427,871,24,18,36,526,501,1022,59,57,118,468,460,933,20,20,39,552,536,1092,61,53,115,456,460,914,18,30,51,538,543,1077,49,60,114,481,443,926,24,26
LGA16400,45,51,97,314,269,576,5,0,5,364,317,676,48,56,101,261,306,568,13,17,29,323,372,698,48,50,98,319,318,643,15,19,33,387,385,774,45,39,86,288,319,610,10,12,19,343,371,710,57,59,115,317,302,621,8,22,33,388,384,770,247,252,500,1502,1510,3016,54,68,114,1801,1828,3630,80,50,133,360,339,698,25,25,46,465,415,880,59,63,130,320,337,647,19,22,41,400,421,820,54,57,109,365,316,686,17,13,33,437,386,824,67,62,133,420,369,783,26,19,43,513,446,955,56,61,119,405,366,771,22,30,47,481,458,941,312,304,617,1866,1725,3594,112,104,215,2292,2127,4423,57,64,117,378,357,733,10,23,37,449,447,892,76,54,132,418,375,794,17,14,34,513,441,958,63,49,107,402,408,810,30,20,45,494,474,971,64,59,122,433,415,850,19,18,29,514,487,997,69,63,129,432,424,856,25,11
LGA16490,20,28,51,381,388,772,4,4,9,411,419,828,22,25,47,387,388,773,18,17,36,429,432,860,29,28,52,396,343,741,17,25,39,437,401,831,23,17,43,392,392,789,18,19,37,436,432,870,30,28,50,385,363,746,18,23,39,432,408,835,122,131,248,1943,1875,3818,70,89,159,2135,2095,4225,26,19,44,400,366,767,23,22,42,445,403,854,14,23,43,394,384,778,15,19,35,429,425,855,22,22,47,403,328,723,21,21,36,448,366,816,26,25,49,367,347,717,26,15,41,422,391,812,26,19,46,391,321,709,20,18,36,432,358,788,118,112,225,1955,1743,3693,100,93,196,2173,1946,4114,18,19,43,392,334,724,22,20,43,435,373,809,26,18,42,402,355,751,19,20,36,446,395,839,27,23,47,389,344,732,17,14,33,437,381,812,26,21,48,344,333,677,15,18,32,386,368,753,26,22,43,371,357,723,15,15
LGA16550,13,17,28,732,689,1416,7,5,15,748,708,1455,13,23,37,679,610,1287,42,38,76,735,667,1402,22,10,31,653,640,1296,38,19,54,711,670,1379,10,17,27,633,591,1215,21,26,47,666,628,1295,10,11,18,625,583,1213,34,33,67,668,629,1300,65,79,140,3320,3111,6433,141,118,259,3521,3307,6832,27,19,42,670,616,1286,29,30,61,726,665,1387,15,18,37,664,605,1269,27,27,57,706,654,1365,20,20,44,625,638,1265,23,31,59,680,685,1367,9,14,24,670,666,1332,29,23,49,709,701,1411,28,27,55,649,676,1323,37,27,68,713,724,1440,107,100,203,3280,3199,6477,155,136,292,3538,3426,6965,25,18,44,677,634,1313,38,28,63,735,679,1416,16,24,45,645,632,1279,28,25,49,688,683,1375,17,27,44,681,647,1325,22,29,52,726,696,1423,25,12,41,633,609,1238,19,18,40,678,639,1318,23,19,35,631,636,1264,23,20
LGA16610,10,25,34,78,112,188,7,4,12,98,137,233,16,17,32,85,81,163,6,18,25,110,114,219,27,21,48,96,72,166,27,9,33,147,100,248,21,15,39,81,72,153,14,13,28,122,101,223,23,28,54,96,91,188,18,7,22,136,131,263,103,104,205,438,426,862,68,54,123,610,578,1188,23,22,49,114,96,206,16,24,40,147,146,290,16,19,32,89,109,197,18,17,35,120,141,260,24,22,47,109,106,211,23,19,40,156,146,303,24,32,53,110,111,220,12,20,28,148,154,307,21,25,45,108,132,240,20,28,48,147,189,335,109,117,225,525,549,1075,86,106,192,721,774,1493,31,24,50,133,128,263,25,12,37,184,167,351,25,16,42,121,109,225,21,15,35,170,133,301,24,29,58,131,117,247,23,15,39,175,158,336,9,25,31,109,133,242,19,15,40,137,172,315,20,18,41,128,134,262,17,15
LGA16700,9,8,13,718,687,1403,7,6,14,735,700,1433,4,6,8,688,695,1386,31,24,55,727,723,1449,8,8,10,684,695,1372,24,24,48,706,725,1435,3,3,13,713,645,1364,25,33,56,745,683,1424,0,5,5,754,711,1464,25,26,56,781,745,1522,21,31,50,3560,3427,6993,120,113,228,3693,3569,7267,4,3,7,748,695,1447,25,22,49,778,723,1496,10,4,10,772,678,1451,30,23,48,805,700,1511,3,4,11,694,706,1400,21,20,43,726,729,1458,8,7,13,738,722,1457,23,23,45,765,751,1514,0,0,0,730,658,1397,24,24,46,753,686,1443,21,22,39,3684,3461,7146,125,107,230,3831,3587,7416,9,3,12,692,580,1272,26,12,33,723,596,1321,9,8,12,617,614,1229,16,15,29,642,630,1271,10,9,9,618,579,1196,25,16,40,654,595,1248,3,9,14,624,584,1210,14,12,27,643,612,1250,0,3,13,624,525,1148,22,17
LGA16900,46,47,93,407,408,821,4,0,3,456,453,916,53,40,92,399,355,748,32,15,46,479,411,886,52,28,82,403,383,787,13,14,33,472,436,904,55,42,96,445,407,855,18,15,35,519,464,987,50,33,86,386,390,770,26,13,42,463,438,904,263,191,455,2041,1938,3981,92,67,153,2392,2200,4591,48,48,93,430,385,814,23,25,42,498,457,950,43,56,92,418,412,829,24,16,45,486,486,966,44,39,86,444,391,834,21,29,46,511,457,964,48,48,101,462,407,877,26,23,47,539,481,1019,56,43,96,417,413,833,15,23,41,488,475,966,237,227,465,2170,2009,4185,104,113,215,2513,2352,4868,46,40,87,450,391,842,30,27,59,529,457,984,45,48,102,449,452,907,21,29,49,524,527,1053,50,28,80,495,436,929,25,15,42,570,483,1052,42,59,98,476,478,950,30,28,54,540,562,1106,44,48,97,445,381,820,25,17
LGA16950,87,77,157,431,442,875,12,6,20,529,521,1051,97,78,174,409,415,832,39,50,85,549,542,1087,88,74,163,417,435,850,35,29,64,538,538,1081,82,74,153,455,402,855,43,47,89,572,520,1097,98,78,175,483,410,886,44,31,72,620,514,1134,447,371,827,2191,2105,4298,172,157,328,2810,2638,5448,68,78,148,473,433,899,39,33,72,580,542,1120,86,82,163,488,445,932,39,39,73,607,558,1172,81,70,147,453,435,890,39,41,84,578,544,1121,95,75,172,476,492,958,45,42,87,614,606,1221,99,86,185,498,444,938,42,42,78,630,575,1209,424,391,818,2387,2243,4622,197,198,396,3010,2829,5839,80,92,175,491,443,929,46,36,87,611,575,1187,70,89,154,484,499,981,32,44,80,579,630,1213,70,81,149,453,484,936,54,30,82,573,593,1171,77,88,162,533,450,988,60,33,89,671,573,1239,78,79,157,524,482,1006,45,34
LGA17000,18,23,45,141,118,262,5,3,4,165,143,307,21,18,34,132,115,243,10,9,15,162,135,302,21,26,42,138,109,250,12,6,19,172,140,306,20,18,38,110,133,247,10,5,18,144,158,303,16,22,39,114,132,250,3,13,12,134,160,299,100,105,204,641,604,1241,39,32,70,778,743,1518,31,26,57,150,137,285,7,10,15,191,168,356,29,23,51,130,131,263,10,3,12,166,159,328,31,20,48,162,141,301,9,6,19,204,166,368,36,25,64,134,144,284,9,6,18,190,173,363,20,31,52,149,139,288,3,20,24,179,188,363,149,120,270,725,695,1419,44,44,87,917,857,1778,21,27,50,158,151,303,4,10,11,186,183,368,21,25,48,160,143,302,9,14,23,188,186,371,28,30,57,127,129,257,13,13,22,168,170,342,31,20,53,135,138,274,7,4,17,179,167,347,25,22,52,145,139,283,15,8
LGA17040,4,7,14,78,87,165,0,5,5,86,97,185,8,8,13,81,94,177,3,7,11,97,104,201,4,3,7,81,93,172,0,4,7,89,102,184,13,5,14,98,95,198,8,0,6,119,104,221,10,6,10,93,90,185,0,8,15,110,101,211,39,23,63,442,460,902,13,28,40,491,508,1005,7,0,6,114,100,212,10,3,7,129,105,233,4,5,11,98,72,175,11,6,21,119,82,203,5,10,12,111,97,210,15,8,17,135,108,240,18,3,18,105,103,209,9,5,10,118,112,233,5,7,14,118,107,222,6,7,20,126,122,252,38,23,65,543,483,1025,45,27,71,625,531,1159,8,3,12,117,92,202,7,0,11,135,94,227,10,5,13,125,136,260,11,12,26,151,148,300,13,4,15,130,113,244,12,10,22,158,126,281,4,7,15,148,118,268,13,10,22,172,140,302,14,8,20,129,112,239,12,9
LGA17080,9,13,24,58,66,120,0,0,4,64,78,149,7,8,17,63,66,127,4,9,15,69,79,155,15,9,27,54,75,132,0,8,10,73,92,168,8,15,28,63,84,149,12,4,16,83,107,189,5,7,17,67,66,138,4,11,14,80,85,165,51,57,104,311,359,668,21,31,53,383,448,827,11,11,22,75,63,139,6,6,17,92,82,177,16,12,26,80,75,151,16,9,21,103,97,197,8,4,16,57,77,140,6,11,16,71,96,168,17,11,28,63,72,138,10,4,13,93,86,182,15,13,30,98,64,160,17,14,27,127,87,213,63,53,118,368,357,723,56,38,96,488,449,930,12,6,16,73,88,161,12,8,19,94,106,203,18,12,27,75,81,152,8,11,17,96,102,202,18,8,28,85,85,174,11,3,21,115,105,220,9,11,23,90,61,149,3,4,15,100,79,182,17,17,25,74,62,135,13,8
LGA17100,4,0,3,243,234,477,0,5,3,248,237,484,6,0,6,238,219,455,12,14,27,256,229,487,0,3,0,211,227,442,11,12,27,224,241,469,0,4,3,215,190,404,8,9,18,223,202,429,0,0,0,229,225,451,12,12,29,242,235,483,9,8,21,1130,1093,2226,51,50,104,1197,1151,2350,0,0,0,217,207,424,13,13,24,234,218,446,3,0,3,234,206,437,10,11,24,249,217,465,0,0,0,209,222,427,7,8,15,220,230,449,0,0,0,243,215,457,9,13,22,255,229,484,0,0,4,231,228,456,15,17,24,247,237,486,4,0,7,1132,1066,2204,60,54,115,1199,1129,2329,0,0,6,211,187,392,13,7,20,225,196,417,0,0,0,182,214,403,10,3,19,197,221,419,0,3,0,193,213,403,9,6,11,199,220,421,0,0,0,205,183,389,5,8,11,212,195,407,6,0,3,201,210,412,4,7
LGA17150,23,37,61,1332,1246,2578,14,9,22,1373,1288,2662,32,32,69,1226,1187,2410,44,47,90,1300,1268,2567,20,25,46,1352,1242,2596,27,22,52,1401,1289,2695,39,24,61,1262,1260,2518,34,38,74,1333,1324,2655,47,24,69,1325,1250,2575,41,48,92,1413,1321,2737,162,148,312,6493,6175,12675,166,168,330,6818,6495,13312,38,28,64,1410,1313,2722,45,31,78,1487,1376,2866,24,23,51,1360,1260,2620,34,44,77,1424,1326,2746,32,23,57,1337,1347,2684,40,47,84,1408,1411,2824,29,24,58,1457,1344,2803,49,25,68,1539,1394,2929,41,29,70,1554,1323,2877,49,35,77,1639,1387,3024,173,129,295,7120,6588,13703,205,181,391,7496,6892,14389,27,27,46,1382,1313,2698,34,23,62,1440,1364,2805,37,40,80,1510,1359,2873,44,26,67,1588,1426,3016,37,39,67,1471,1354,2824,27,26,53,1531,1415,2948,41,37,77,1484,1419,2901,37,27,63,1555,1488,3043,45,45,90,1457,1389,2854,46,30
LGA17200,17,22,43,992,914,1897,14,8,18,1017,942,1965,23,22,44,737,773,1505,58,37,102,816,829,1647,3,16,23,733,605,1331,36,35,72,770,652,1423,18,19,30,615,565,1186,29,34,67,665,613,1280,20,16,33,539,500,1043,28,41,73,583,557,1146,82,84,165,3608,3355,6968,163,161,324,3857,3603,7460,22,16,35,506,503,1011,24,29,54,550,551,1097,21,14,38,438,420,858,30,31,60,491,463,957,19,18,34,414,406,824,26,28,54,453,448,911,20,12,40,404,411,816,35,37,71,463,463,923,23,19,41,381,391,771,33,31,68,438,436,876,103,81,187,2143,2127,4275,153,155,309,2395,2366,4766,22,17,37,385,340,720,26,28,48,428,384,813,16,16,38,362,349,710,29,17,45,405,384,788,23,21,40,338,327,665,31,16,48,388,368,756,20,6,24,370,319,693,22,28,51,419,356,776,20,15,38,284,316,599,16,24
LGA17310,107,82,188,293,236,530,5,4,8,409,322,730,92,87,177,283,254,531,36,25,56,409,368,775,113,73,181,296,256,552,32,18,48,438,346,786,94,91,189,278,265,546,22,29,55,398,389,787,112,77,189,287,231,522,15,28,50,417,338,755,519,406,929,1437,1247,2692,112,107,213,2068,1764,3829,100,107,205,291,294,586,24,41,67,419,437,853,106,101,206,297,272,569,24,36,61,438,400,834,111,96,207,272,290,563,29,25,50,410,411,817,114,78,193,328,295,623,40,40,77,486,410,892,105,96,202,326,333,660,33,37,73,462,473,928,541,475,1015,1515,1481,2996,149,173,323,2207,2130,4337,100,100,200,325,293,616,31,32,60,456,425,879,116,90,204,338,308,647,35,44,68,482,440,924,98,93,186,337,301,642,27,21,46,463,422,882,102,80,182,329,318,646,36,23,59,471,413,887,109,97,200,364,333,696,41,35
LGA17350,0,3,3,30,22,54,0,0,0,28,26,51,0,0,5,31,23,58,0,0,0,31,29,58,4,0,5,28,25,57,3,0,4,39,33,69,0,0,0,29,30,57,0,4,0,28,29,65,3,5,4,30,34,70,4,6,6,37,41,78,3,11,17,150,140,287,9,12,14,165,158,321,0,4,4,37,29,62,4,0,4,42,34,70,0,0,0,31,24,60,0,0,0,38,26,61,0,5,6,36,34,67,4,6,5,40,40,80,5,4,9,30,27,57,0,0,4,40,30,66,5,4,4,31,35,64,6,0,8,33,44,76,8,14,21,170,144,315,13,5,18,185,164,351,0,3,6,38,34,67,3,0,5,34,42,78,0,3,3,43,37,82,6,4,3,45,43,92,5,4,9,40,33,80,0,4,5,47,41,92,5,4,10,36,39,69,0,5,3,38,49,84,4,0,5,33,41,76,3,3
LGA17400,8,8,11,21,21,42,0,0,0,29,29,56,11,6,16,21,14,38,5,0,5,34,23,55,0,3,9,19,15,37,0,4,5,22,26,52,4,3,11,16,18,37,0,0,5,24,26,49,7,5,14,23,16,37,4,4,13,37,32,63,31,25,53,98,89,192,11,15,25,139,127,265,0,5,9,15,20,38,0,4,4,18,34,49,0,6,14,15,23,38,0,0,0,18,28,46,6,9,10,19,15,42,7,0,7,35,29,60,6,9,13,28,24,54,3,0,4,37,33,71,6,9,14,24,21,50,3,0,8,31,32,64,29,40,62,105,111,213,10,12,23,145,156,302,6,9,7,30,21,45,3,5,11,33,27,66,11,4,18,25,25,55,4,5,11,42,38,78,6,5,13,17,24,47,4,5,8,31,32,60,5,3,4,33,30,61,4,9,15,40,44,83,3,14,15,28,39,71,6,8
LGA17420,3,16,24,959,902,1861,7,3,9,972,919,1893,13,14,24,1030,964,1993,18,20,40,1064,991,2054,11,10,24,1119,1009,2127,29,21,57,1156,1045,2203,12,17,27,1178,1097,2275,19,27,44,1204,1137,2348,10,11,14,1244,1259,2505,33,26,60,1282,1294,2577,45,59,109,5523,5233,10762,108,94,205,5680,5393,11078,15,7,22,1326,1300,2628,30,23,55,1372,1332,2707,12,9,23,1435,1365,2802,39,37,76,1489,1415,2902,8,6,20,1501,1379,2880,30,26,58,1543,1410,2952,17,15,29,1526,1493,3019,37,26,61,1576,1532,3112,15,17,34,1471,1493,2963,37,38,65,1519,1546,3065,67,59,130,7268,7026,14292,169,151,318,7498,7232,14738,14,13,29,1554,1329,2881,34,21,52,1590,1368,2962,17,10,27,1592,1431,3022,28,25,55,1638,1465,3107,14,18,31,1461,1376,2834,35,29,62,1503,1420,2926,15,15,26,1489,1385,2865,28,24,52,1524,1419,2946,9,16,18,1492,1340,2836,31,40
LGA17550,30,35,68,381,382,766,10,15,23,427,432,851,45,47,88,396,374,773,34,34,65,472,455,925,43,38,86,425,343,766,23,26,50,491,401,897,40,36,71,433,419,850,34,38,66,501,491,988,34,39,73,409,411,820,25,43,66,469,489,961,186,192,380,2042,1932,3973,126,149,272,2354,2269,4623,55,36,87,495,422,924,31,29,60,582,486,1074,40,34,79,441,445,892,46,31,74,523,518,1043,36,52,91,486,494,976,35,34,68,554,582,1140,45,32,72,510,453,964,39,38,79,595,520,1113,61,55,116,527,450,975,52,38,83,636,543,1181,231,212,449,2459,2266,4727,201,171,367,2892,2649,5544,60,37,102,523,473,989,40,38,78,620,549,1171,53,48,104,503,511,1008,30,45,79,585,600,1189,69,42,114,513,478,995,40,37,72,623,561,1185,62,45,112,529,512,1037,47,35,84,633,590,1230,62,47,106,513,463,975,33,32
LGA17620,17,10,28,48,57,106,0,4,4,66,74,137,3,9,14,73,53,128,5,4,14,83,69,152,12,14,33,80,60,136,3,0,9,100,80,173,11,16,22,46,50,103,3,5,9,62,73,133,10,7,17,66,61,126,7,5,14,85,75,160,52,58,110,314,286,599,25,21,44,383,371,757,6,5,15,78,81,155,4,0,11,88,90,185,13,9,26,78,59,136,3,3,4,96,73,170,14,6,19,77,72,150,8,9,14,95,85,185,13,6,18,91,80,170,6,4,6,107,88,195,6,9,16,79,65,148,5,6,8,94,83,171,49,40,91,410,357,771,19,28,42,478,425,910,5,17,23,82,66,145,11,3,8,94,83,178,12,9,23,80,93,171,12,4,16,101,103,209,14,11,23,70,75,142,9,4,6,91,86,177,15,11,24,99,78,182,5,5,9,118,92,208,16,26,36,87,75,161,11,9
LGA17640,3,3,7,35,35,70,5,0,5,45,44,88,3,0,6,42,36,79,0,0,3,52,37,88,3,0,4,44,39,87,4,3,7,57,47,105,0,4,11,45,35,79,6,0,6,44,42,91,0,0,0,37,49,91,8,10,13,45,57,99,13,12,27,203,196,400,20,19,39,244,227,470,3,0,3,40,48,85,8,3,11,49,48,99,3,4,6,44,33,77,11,0,7,59,37,100,4,0,4,47,37,92,7,3,11,62,46,111,4,0,7,35,48,84,9,4,9,44,54,98,4,5,3,56,42,93,0,8,6,59,49,102,23,5,32,226,204,428,26,20,54,277,233,511,0,0,0,43,30,77,6,9,13,50,37,84,6,3,4,32,42,74,6,4,3,41,45,84,5,5,8,48,29,76,8,6,10,58,41,93,0,0,3,36,41,73,0,0,0,33,36,75,0,0,4,36,34,71,4,8
LGA17650,3,5,13,22,25,47,0,0,0,27,34,63,4,0,4,21,21,44,3,4,6,33,20,55,8,4,8,17,24,41,0,5,8,20,29,53,7,4,13,32,20,55,0,0,4,39,31,72,6,4,11,20,23,42,0,3,5,30,29,57,27,23,56,119,108,224,12,11,18,153,142,299,8,8,17,24,21,48,4,0,4,37,31,68,7,0,9,17,23,35,4,5,6,23,24,53,8,5,12,35,18,53,4,0,5,38,29,68,9,4,14,23,32,56,6,0,12,37,40,76,11,3,20,35,27,59,4,0,0,44,29,81,37,30,68,129,120,251,16,6,28,188,160,341,0,3,10,29,36,66,0,0,0,36,42,75,4,5,14,30,26,55,0,0,0,35,36,66,11,11,21,38,41,72,6,4,9,52,57,108,4,15,20,28,34,61,4,4,3,31,50,86,7,10,19,25,28,55,0,0
LGA17750,60,58,118,405,409,816,7,4,7,466,476,944,54,49,106,359,381,743,34,23,53,445,451,901,53,57,110,384,374,763,15,18,39,459,448,913,51,55,111,375,342,714,24,12,35,450,409,855,70,48,117,390,406,804,22,24,44,481,487,970,291,275,560,1919,1918,3836,98,82,180,2307,2271,4578,63,51,112,391,371,761,28,19,41,472,436,909,56,39,96,415,348,767,20,18,42,499,409,905,58,51,110,382,390,774,24,28,45,461,468,936,61,47,108,393,350,744,19,27,50,482,420,902,53,42,98,415,353,772,22,17,38,492,417,908,293,233,524,2005,1810,3814,112,115,222,2401,2154,4554,44,47,97,362,406,768,19,16,35,428,471,898,48,42,91,389,380,772,21,20,41,461,438,899,58,57,115,403,407,808,26,30,49,490,481,970,39,55,92,385,375,760,24,19,48,446,450,898,45,56,104,395,404,800,23,24
LGA17850,5,0,4,14,11,25,0,0,4,14,16,27,0,3,4,12,14,27,3,0,0,16,20,32,3,4,6,13,8,16,0,5,3,14,14,28,4,3,8,12,19,32,0,3,9,19,25,44,0,0,4,16,11,25,4,0,4,16,15,31,10,11,20,61,62,126,9,14,21,79,85,166,5,3,8,17,13,25,0,4,4,20,18,35,0,0,4,20,11,29,5,3,7,20,19,39,4,0,4,10,19,23,4,0,4,11,15,27,5,3,3,12,12,27,0,3,3,18,19,36,0,3,3,19,12,32,3,0,10,27,19,42,16,6,26,77,63,139,8,7,20,101,86,185,0,0,0,6,14,25,0,0,0,6,17,20,3,4,6,19,8,28,0,0,3,23,18,42,0,4,4,7,10,23,0,0,0,13,16,27,0,0,3,14,20,31,0,0,4,16,20,37,4,0,4,20,19,37,0,0
LGA17900,7,12,13,16,18,37,0,0,5,23,29,53,17,7,23,17,19,29,5,11,16,33,32,66,13,3,15,11,13,26,11,8,24,33,28,59,6,15,21,14,10,24,10,10,16,35,33,68,10,9,22,16,15,27,8,18,21,34,40,74,47,53,96,78,73,148,37,42,79,162,171,327,12,13,23,13,12,28,9,14,24,33,41,77,7,11,23,19,15,30,13,7,20,35,36,76,7,10,20,15,7,27,14,7,22,42,29,68,12,12,21,12,12,22,11,9,22,32,31,68,10,5,17,9,10,21,8,9,21,25,31,60,54,55,112,63,63,123,53,50,105,171,167,340,12,18,28,15,13,30,12,15,26,38,41,77,11,10,19,14,10,25,16,12,20,34,36,64,8,14,19,8,3,13,10,11,17,20,28,51,6,11,20,8,9,20,7,7,18,25,29,54,12,12,22,13,4,16,7,0
LGA17950,6,6,9,15,15,32,0,0,4,27,18,41,4,6,14,9,4,9,0,5,5,14,13,27,3,8,7,9,13,21,0,0,0,14,17,32,8,3,14,13,12,25,0,0,0,24,14,40,3,5,8,7,12,16,0,0,0,12,17,27,27,22,54,54,47,103,5,5,9,85,79,166,3,6,4,14,7,27,0,0,0,18,12,34,9,7,17,12,5,20,3,0,3,22,14,35,10,0,10,8,14,19,0,0,3,22,9,29,0,7,3,11,13,30,0,0,4,14,21,31,7,0,7,10,9,20,0,0,0,13,9,23,24,15,38,59,53,113,3,5,11,87,68,160,4,0,8,18,19,31,0,4,4,21,23,42,0,7,4,10,14,27,0,5,8,15,24,39,0,5,6,0,10,16,0,0,0,11,13,21,0,6,8,14,12,22,3,0,3,16,15,33,4,0,9,5,19,24,0,0
LGA18020,9,7,18,32,26,57,3,3,6,44,39,86,13,17,25,34,28,61,9,11,13,53,45,100,10,15,22,37,26,61,3,4,5,52,42,89,15,7,24,38,32,67,6,6,11,55,48,99,11,10,21,26,31,59,8,3,16,46,52,93,52,59,111,160,144,308,28,27,61,248,227,473,14,10,26,26,39,61,8,3,9,46,47,96,18,9,22,31,26,57,17,4,18,63,38,100,15,6,21,25,32,59,10,3,8,53,38,91,10,8,20,31,24,56,7,6,7,47,36,80,10,7,21,35,36,72,12,10,16,52,54,107,68,45,111,154,153,307,47,25,68,262,221,484,10,8,22,30,43,72,6,10,12,45,66,107,15,15,28,36,41,76,8,7,17,58,64,122,12,13,30,39,28,69,8,9,18,65,53,118,13,6,20,50,40,89,9,5,10,73,50,125,9,14,26,43,45,86,7,5
LGA18050,0,0,0,463,398,858,3,5,11,467,404,871,0,0,0,393,356,744,16,28,42,407,383,786,5,0,4,341,343,683,15,14,25,355,358,717,3,0,5,327,302,633,19,18,34,343,322,666,0,0,0,339,363,696,16,18,32,353,381,732,8,5,8,1858,1757,3620,61,86,141,1927,1843,3774,5,0,5,318,304,618,14,10,25,339,313,655,0,0,6,322,314,635,8,13,22,331,327,655,4,0,5,323,329,652,15,18,32,337,346,684,3,3,3,357,338,700,14,14,30,380,355,727,3,0,4,373,327,697,16,16,32,388,342,733,10,9,17,1689,1610,3305,66,72,139,1770,1688,3463,0,0,0,342,304,648,12,10,23,356,312,670,0,3,5,370,363,736,18,26,44,389,395,780,0,3,0,373,310,681,15,11,24,390,326,714,0,0,3,343,328,671,21,16,34,359,341,706,6,0,6,345,341,682,15,13
LGA18100,0,0,0,16,11,28,0,0,0,12,10,26,0,0,3,14,10,28,3,0,0,18,16,31,3,0,3,13,10,27,0,0,0,22,15,33,6,0,4,12,21,34,0,0,0,19,20,33,0,0,0,16,14,32,0,0,0,16,15,29,9,8,14,72,71,140,4,0,5,83,75,165,0,3,5,11,20,31,3,3,3,18,23,37,0,0,3,8,16,24,0,3,3,8,15,25,0,0,0,15,19,35,0,4,4,15,25,38,0,0,3,23,21,39,0,0,0,25,22,45,6,0,6,15,16,28,3,0,6,23,17,38,9,8,22,72,88,154,4,7,18,86,101,192,0,0,4,9,18,28,0,4,3,13,19,33,0,0,0,20,21,41,0,0,0,14,26,44,0,3,0,21,12,32,0,4,4,22,15,35,5,6,4,27,17,47,3,0,8,32,23,53,5,0,5,25,16,35,0,0
LGA18200,13,0,10,37,33,71,6,5,4,50,38,82,9,8,17,36,38,70,6,11,20,47,57,105,9,3,12,25,41,72,6,0,12,45,49,91,11,8,14,46,38,81,9,5,8,62,52,110,4,4,6,42,32,71,0,7,7,47,39,89,37,26,68,184,178,362,26,29,57,244,234,482,7,4,14,41,26,69,7,5,15,52,44,94,12,3,16,41,37,78,9,8,9,56,48,100,4,6,15,42,41,81,4,10,16,50,56,104,11,0,7,39,30,66,10,6,9,57,34,93,5,4,12,45,32,71,8,0,10,54,40,95,34,27,63,212,167,370,31,25,58,275,214,492,4,5,7,28,21,49,3,5,8,33,31,65,3,9,12,39,37,76,5,3,9,47,49,100,5,5,12,37,31,68,6,5,13,50,46,95,0,4,3,36,36,74,6,5,14,44,52,94,7,0,7,52,39,84,8,7
LGA18250,6,4,7,343,311,651,5,0,9,349,322,667,3,3,3,363,358,719,11,10,22,375,374,750,0,0,0,395,356,754,14,10,25,414,366,779,0,3,3,426,387,813,11,15,18,438,400,840,0,0,0,466,421,884,12,17,27,481,438,918,8,12,14,1995,1837,3829,47,50,99,2053,1894,3946,0,0,0,471,467,941,6,19,26,479,484,965,0,0,0,512,511,1016,14,8,21,528,520,1041,6,0,6,538,482,1019,13,13,27,554,501,1049,0,5,0,583,503,1083,17,14,27,599,514,1113,0,0,0,489,499,984,13,12,25,500,513,1010,4,9,14,2586,2458,5045,62,70,128,2651,2532,5182,3,0,3,508,537,1046,11,13,23,520,554,1074,0,5,5,526,505,1030,14,9,30,544,521,1062,0,3,3,508,491,1005,17,10,29,527,509,1033,3,0,3,482,484,963,13,8,16,500,491,988,4,0,5,476,487,964,15,11
LGA18350,17,19,37,222,218,439,7,6,13,242,239,490,16,15,29,223,232,453,15,9,25,254,251,507,12,9,18,252,234,487,14,11,22,273,252,525,14,8,27,240,213,456,12,11,23,272,239,504,6,17,23,237,260,492,7,11,24,254,283,538,68,70,137,1169,1148,2320,57,50,112,1296,1272,2567,19,11,24,264,252,513,18,10,29,291,272,564,8,17,27,240,260,495,5,10,16,262,285,546,7,10,20,278,243,517,14,22,35,300,273,574,11,12,21,279,251,527,13,20,35,306,278,583,22,12,32,293,261,552,18,7,31,333,282,618,64,62,129,1348,1262,2609,76,64,141,1491,1396,2880,10,12,22,318,291,607,12,11,26,341,313,654,12,15,18,312,316,627,19,14,37,342,347,687,14,18,26,335,292,617,18,12,31,359,317,678,11,17,26,304,310,615,14,15,28,335,340,676,6,18,27,298,321,618,14,11
LGA18400,35,32,61,316,334,651,0,4,3,357,361,718,31,28,57,333,337,671,16,18,27,378,378,759,36,28,59,365,310,678,14,17,29,416,349,762,29,13,40,367,310,675,17,18,35,411,338,750,34,24,63,355,333,694,13,9,21,403,372,771,162,117,282,1745,1627,3368,56,64,116,1963,1803,3765,28,30,54,349,324,671,19,17,29,392,365,757,29,32,60,349,341,691,20,18,38,393,389,782,41,25,64,392,311,704,14,16,26,442,352,796,34,25,55,377,319,697,24,16,39,432,358,790,18,22,43,377,356,731,14,12,30,414,389,799,148,135,280,1839,1647,3488,87,76,163,2066,1857,3926,23,31,54,376,351,727,12,10,28,409,394,806,22,35,63,353,360,716,11,12,25,390,413,798,22,30,53,396,347,742,12,20,36,426,395,823,34,20,54,358,343,703,20,20,33,410,379,796,40,24,65,371,337,703,18,19
LGA18450,94,94,184,1145,1090,2236,11,17,26,1246,1197,2444,66,65,122,1117,1036,2156,63,52,116,1242,1148,2390,75,90,164,1134,983,2121,50,48,97,1259,1120,2382,89,67,154,1122,1084,2207,48,41,92,1259,1196,2449,46,77,127,1127,1079,2205,44,43,88,1211,1205,2417,360,387,749,5649,5280,10926,216,202,410,6219,5864,12083,78,67,146,1206,1100,2305,53,47,104,1337,1217,2551,81,59,145,1144,1097,2243,44,43,88,1277,1200,2477,66,63,134,1187,1081,2264,45,65,107,1296,1205,2502,80,66,144,1185,1133,2324,51,59,107,1318,1259,2580,75,79,151,1200,1128,2322,51,56,105,1319,1262,2578,378,339,715,5921,5542,11455,247,266,517,6553,6144,12688,78,70,151,1151,1088,2238,38,51,94,1275,1207,2482,76,74,147,1195,1214,2405,51,47,95,1315,1327,2647,66,81,147,1200,1108,2307,47,53,104,1314,1238,2554,67,82,149,1184,1177,2356,45,55,108,1301,1312,2611,80,67,152,1273,1135,2412,45,32
LGA18500,0,0,0,264,269,539,4,0,3,269,271,542,0,0,3,233,231,463,13,15,27,248,248,494,0,3,3,223,230,454,10,11,18,236,241,479,0,0,0,206,217,414,12,6,16,211,222,432,0,0,0,237,234,474,8,10,15,248,240,484,0,4,6,1166,1176,2340,48,40,84,1210,1217,2437,0,0,0,250,269,517,9,10,21,260,281,537,3,0,3,254,233,487,10,11,18,265,244,508,0,3,4,251,258,503,16,7,21,266,263,530,0,0,4,284,242,527,18,3,20,296,248,553,0,0,6,229,269,493,10,10,19,240,274,518,3,6,7,1262,1271,2528,60,42,99,1322,1313,2636,5,0,3,273,273,553,11,8,18,285,281,572,0,0,0,280,269,555,12,7,16,295,275,565,6,0,6,276,277,549,5,6,13,285,285,567,0,6,6,302,291,592,14,7,19,312,299,613,0,0,0,246,293,536,10,14
LGA18710,7,7,11,78,86,162,0,0,0,85,88,178,8,6,11,90,75,169,9,3,9,103,85,187,5,3,14,79,82,161,3,3,11,91,90,179,5,7,8,81,94,175,4,4,7,84,105,198,0,3,4,93,82,174,6,4,8,98,87,185,22,27,52,419,416,835,22,17,38,470,459,928,7,8,17,111,106,214,6,3,5,118,111,238,0,9,10,100,104,205,3,10,13,108,113,227,8,11,17,123,105,222,5,0,7,135,119,251,5,8,16,113,111,228,4,6,15,133,121,252,9,3,15,119,94,207,0,4,13,129,102,235,33,34,73,564,508,1076,27,24,55,626,573,1195,9,5,14,126,114,242,5,4,9,137,125,262,6,3,13,119,126,246,4,3,9,132,136,274,12,7,17,121,122,242,9,3,12,144,132,271,6,10,16,117,115,229,4,5,14,128,132,255,9,10,18,106,104,212,6,7
LGA19399,0,0,0,5,6,9,0,0,0,5,3,10,0,0,0,3,5,7,4,0,4,6,5,12,0,0,0,0,3,10,0,0,0,4,3,12,0,0,0,3,4,7,0,0,0,9,4,11,0,0,0,7,7,13,0,0,0,7,7,13,0,0,0,29,19,48,4,0,4,34,19,58,0,0,0,7,3,14,0,0,0,7,3,14,0,0,0,5,8,13,0,0,0,7,8,18,0,0,0,5,3,9,0,0,0,8,5,12,0,0,0,6,8,21,0,0,0,6,11,16,0,0,0,8,4,8,0,0,0,8,7,11,0,0,0,38,34,67,0,3,3,39,37,76,0,0,0,8,0,14,0,0,0,8,0,14,0,0,0,3,3,12,0,0,0,6,8,12,0,0,0,8,5,8,0,0,0,8,7,11,0,0,0,3,0,3,0,0,0,6,5,9,0,0,0,0,6,5,0,0
LGA19499,13,10,28,29,16,43,10,8,22,51,33,89,14,12,21,27,26,50,15,13,28,55,46,101,12,12,25,29,12,46,14,10,22,50,37,95,11,7,19,28,19,50,12,19,33,48,50,102,14,11,28,18,18,40,12,4,18,45,38,82,66,50,119,131,97,230,59,60,118,258,203,460,9,8,19,18,24,37,9,15,21,39,44,86,8,4,15,23,18,41,13,20,28,44,45,89,5,8,7,20,20,38,10,15,31,34,46,78,6,9,21,20,18,40,16,19,39,49,45,98,8,9,16,13,20,32,17,16,35,42,50,84,41,44,82,96,98,195,70,86,155,199,227,428,3,6,5,13,22,44,7,15,24,28,44,73,11,4,12,24,15,34,12,19,28,41,41,77,5,8,8,17,9,26,11,14,22,28,33,60,7,8,13,14,21,40,26,18,36,48,43,93,8,3,14,10,23,31,15,9
LGA19799,0,0,0,0,0,0,0,0,0,0,0,0,0,0,0,0,0,0,0,0,0,0,0,0,0,0,0,0,0,0,0,0,0,0,0,0,0,0,0,0,0,0,0,0,0,0,0,0,0,0,0,0,0,0,0,0,0,0,0,0,0,0,0,0,0,0,0,0,0,0,0,0,0,0,0,0,0,0,0,0,0,0,0,0,0,0,0,0,0,0,0,0,0,0,0,0,0,0,0,0,0,0,0,0,0,0,0,0,0,0,0,0,0,0,0,0,0,0,0,0,0,0,0,0,0,0,0,0,0,0,0,0,0,0,0,0,0,0,0,0,0,0,0,0,0,0,0,0,0,0,0,0,0,0,0,0,0,0,0,0,0,0,0,0,0,0,0,0,0,0,0,0,0,0,0,0,0,0,0,0,0,0,0,0,0,0,0,0,0,0,0,0,0,0,0,0,0,0,0,0
