LGA_CODE_2021,Age_14_IndSt_nsP,Age_14_TotM,Age_14_TotF,Age_14_TotP,Age_10_14_Indig_M,Age_10_14_Indig_F,Age_10_14_Indig_P,Age_10_14_NonInd_M,Age_10_14_NonInd_F,Age_10_14_NonInd_P,Age_10_14_Indig_st_nsM,Age_10_14_Indig_st_nsF,Age_10_14_Indig_st_nsP,Age_10_14_TotM,Age_10_14_TotF,Age_10_14_TotP,Age_15_Indig_M,Age_15_Indig_F,Age_15_Indig_P,Age_15_NonInd_M,Age_15_NonInd_F,Age_15_NonInd_P,Age_15_Indig_st_nsM,Age_15_Indig_st_nsF,Age_15_Indig_st_nsP,Age_15_TotM,Age_15_TotF,Age_15_TotP,Age_16_Indig_M,Age_16_Indig_F,Age_16_Indig_P,Age_16_NonInd_M,Age_16_NonInd_F,Age_16_NonInd_P,Age_16_IndigStat_nsM,Age_16_IndigStat_nsF,Age_16_IndigStat_nsP,Age_16_TotM,Age_16_TotF,Age_16_TotP,Age_17_Indig_M,Age_17_Indig_F,Age_17_Indig_P,Age_17_NonInd_M,Age_17_NonInd_F,Age_17_NonInd_P,Age_17_IndigStat_nsM,Age_17_IndigStat_nsF,Age_17_IndigStat_nsP,Age_17_TotM,Age_17_TotF,Age_17_TotP,Age_18_Indig_M,Age_18_Indig_F,Age_18_Indig_P,Age_18_NonInd_M,Age_18_NonInd_F,Age_18_NonInd_P,Age_18_IndigStat_nsM,Age_18_IndigStat_nsF,Age_18_IndigStat_nsP,Age_18_TotM,Age_18_TotF,Age_18_TotP,Age_19_Indig_M,Age_19_Indig_F,Age_19_Indig_P,Age_19_NonInd_M,Age_19_NonInd_F,Age_19_NonInd_P,Age_19_IndigStat_nsM,Age_19_IndigStat_nsF,Age_19_IndigStat_nsP,Age_19_TotM,Age_19_TotF,Age_19_TotP,Age_15_19_Indig_M,Age_15_19_Indig_F,Age_15_19_Indig_P,Age_15_19_NonInd_M,Age_15_19_NonInd_F,Age_15_19_NonInd_P,Age_15_19_IndSt_nsM,Age_15_19_IndSt_nsF,Age_15_19_IndSt_nsP,Age_15_19_TotM,Age_15_19_TotF,Age_15_19_TotP,Age_20_Indig_M,Age_20_Indig_F,Age_20_Indig_P,Age_20_NonInd_M,Age_20_NonInd_F,Age_20_NonInd_P,Age_20_Ind_status_nsM,Age_20_Ind_status_nsF,Age_20_Ind_status_nsP,Age_20_TotM,Age_20_TotF,Age_20_TotP,Age_21_Indig_M,Age_21_Indig_F,Age_21_Indig_P,Age_21_NonInd_M,Age_21_NonInd_F,Age_21_NonInd_P,Age_21_Ind_status_nsM,Age_21_Ind_status_nsF,Age_21_Ind_status_nsP,Age_21_TotM,Age_21_TotF,Age_21_TotP,Age_22_Indig_M,Age_22_Indig_F,Age_22_Indig_P,Age_22_NonInd_M,Age_22_NonInd_F,Age_22_NonInd_P,Age_22_Indig_st_nsM,Age_22_Indig_st_nsF,Age_22_Indig_st_nsP,Age_22_TotM,Age_22_TotF,Age_22_TotP,Age_23_Indig_M,Age_23_Indig_F,Age_23_Indig_P,Age_23_NonInd_M,Age_23_NonInd_F,Age_23_NonInd_P,Age_23_Indig_st_nsM,Age_23_Indig_st_nsF,Age_23_Indig_st_nsP,Age_23_TotM,Age_23_TotF,Age_23_TotP,Age_24_Indig_M,Age_24_Indig_F,Age_24_Indig_P,Age_24_NonInd_M,Age_24_NonInd_F,Age_24_NonInd_P,Age_24_Indig_st_nsM,Age_24_Indig_st_nsF,Age_24_Indig_st_nsP,Age_24_TotM,Age_24_TotF,Age_24_TotP,Age_20_24_Indig_M,Age_20_24_Indig_F,Age_20_24_Indig_P,Age_20_24_NonInd_M,Age_20_24_NonInd_F,Age_20_24_NonInd_P,Age_20_24_Indig_st_nsM,Age_20_24_Indig_st_nsF,Age_20_24_Indig_st_nsP,Age_20_24_TotM,Age_20_24_TotF,Age_20_24_TotP,Age_25_29_Indig_M,Age_25_29_Indig_F,Age_25_29_Indig_P,Age_25_29_NonInd_M,Age_25_29_NonInd_F,Age_25_29_NonInd_P,Age_25_29_Indig_st_nsM,Age_25_29_Indig_st_nsF,Age_25_29_Indig_st_nsP,Age_25_29_TotM,Age_25_29_TotF,Age_25_29_TotP,Age_30_34_Indig_M,Age_30_34_Indig_F,Age_30_34_Indig_P,Age_30_34_NonInd_M,Age_30_34_NonInd_F,Age_30_34_NonInd_P,Age_30_34_Indig_st_nsM,Age_30_34_Indig_st_nsF,Age_30_34_Indig_st_nsP,Age_30_34_TotM,Age_30_34_TotF,Age_30_34_TotP,Age_35_39_Indig_M,Age_35_39_Indig_F,Age_35_39_Indig_P,Age_35_39_NonInd_M,Age_35_39_NonInd_F,Age_35_39_NonInd_P,Age_35_39_Indig_st_nsM,Age_35_39_Indig_st_nsF,Age_35_39_Indig_st_nsP,Age_35_39_TotM,Age_35_39_TotF,Age_35_39_TotP,Age_40_44_Indig_M,Age_40_44_Indig_F,Age_40_44_Indig_P,Age_40_44_NonInd_M
LGA10050,39,361,338,706,100,133,230,1510,1438,2946,99,76,177,1704,1648,3356,29,30,52,301,267,575,12,17,32,346,315,654,19,26,42,304,320,620,23,16,40,346,361,701,26,17,43,292,295,583,22,15,35,343,326,664,15,22,36,301,313,619,25,19,41,339,349,689,17,20,44,252,292,547,24,18,42,299,330,631,106,114,218,1459,1483,2938,105,82,188,1669,1681,3350,23,10,39,274,265,540,19,18,37,320,298,613,18,26,48,272,312,585,15,13,33,304,355,662,23,26,48,298,340,639,25,15,44,347,380,725,18,25,36,299,327,623,15,20,37,330,365,697,27,25,50,348,327,677,21,22,41,395,369,769,104,113,214,1492,1571,3058,97,90,187,1695,1765,3463,67,84,154,1735,1658,3394,115,99,209,1922,1835,3759,51,68,122,1524,1724,3244,91,95,191,1666,1887,3558,46,68,118,1556,1657,3209,113,104,210,1707,1829,3541,38,54,90,1494
LGA10180,56,224,230,455,113,135,249,709,759,1468,85,108,197,920,998,1914,28,34,56,155,162,314,29,31,60,210,225,434,18,26,45,150,165,318,23,32,59,191,227,421,24,21,47,176,158,338,18,35,56,222,224,446,23,27,51,135,211,347,30,53,83,192,288,478,21,34,59,186,198,388,46,61,108,258,296,553,111,150,260,804,897,1705,154,212,364,1072,1263,2335,9,22,31,184,215,402,46,73,122,242,311,557,20,21,36,183,192,373,44,58,105,241,269,513,13,24,35,175,188,368,24,27,62,219,246,461,14,15,31,183,138,320,29,19,50,229,168,403,11,16,31,175,159,332,22,12,34,208,187,393,72,101,171,894,890,1784,174,195,367,1142,1184,2325,70,100,173,765,816,1585,105,95,201,942,1011,1960,63,59,118,736,774,1510,78,83,160,877,913,1786,50,56,106,713,752,1469,67,74,138,834,885,1713,50,57,103,639
LGA10250,19,290,244,536,109,121,230,1305,1142,2443,71,61,131,1486,1321,2807,18,23,39,240,220,459,10,17,24,269,256,521,17,26,43,242,195,430,11,7,23,274,232,498,23,20,43,256,189,444,22,10,31,298,216,515,15,21,36,198,211,409,18,6,23,232,238,464,15,17,34,181,187,371,16,5,16,208,211,419,89,105,196,1116,997,2113,72,44,119,1272,1151,2423,20,15,31,177,169,345,13,14,24,209,195,398,15,12,27,175,168,349,12,10,22,203,197,398,10,16,30,168,150,323,9,8,21,193,171,367,20,19,35,178,138,321,13,8,19,210,168,376,19,15,37,137,151,290,14,7,21,171,172,340,85,68,155,833,790,1623,60,48,106,978,902,1882,52,52,100,822,895,1717,67,66,131,934,1012,1946,45,66,115,954,1126,2080,57,64,121,1055,1263,2322,28,54,84,1147,1222,2364,73,67,145,1248,1344,2596,44,33,76,1152
LGA10300,5,22,13,38,10,8,15,63,54,122,16,8,27,91,71,162,0,4,3,8,8,19,0,0,0,12,13,22,0,0,6,14,12,21,0,8,8,15,16,28,0,0,3,13,14,25,0,0,3,18,14,28,0,0,0,5,8,14,0,0,0,10,4,11,0,0,0,14,7,16,0,0,7,15,8,21,8,6,9,54,39,94,3,13,13,64,59,117,0,0,0,16,6,19,0,0,3,18,3,21,0,0,0,11,9,10,0,0,0,10,5,18,0,0,0,10,3,18,0,0,5,12,7,19,0,0,4,19,13,28,0,0,3,18,11,34,0,0,0,10,4,11,0,0,0,10,4,11,3,4,4,57,33,92,4,5,11,63,38,102,0,3,9,48,47,99,4,4,13,59,60,118,4,6,12,56,67,123,11,10,23,73,82,152,0,0,3,38,48,83,6,5,15,41,55,97,5,7,12,49
LGA10470,18,283,305,589,165,182,348,1261,1188,2453,70,71,137,1495,1449,2938,32,34,67,269,256,530,19,11,32,323,308,626,30,34,67,253,245,496,13,16,31,302,294,596,36,28,65,256,221,482,8,9,16,299,260,560,27,32,57,253,204,456,10,16,24,290,247,534,27,15,46,249,255,507,17,12,26,292,283,582,154,146,300,1282,1186,2470,76,55,131,1509,1387,2898,43,28,75,254,234,492,15,21,38,313,286,596,37,34,72,237,239,476,21,21,34,301,288,587,35,24,57,241,224,467,19,15,35,293,270,557,37,21,53,252,229,479,16,10,22,301,258,558,37,22,56,257,232,491,22,13,33,313,269,582,188,132,320,1243,1161,2405,87,76,159,1516,1366,2880,155,119,267,1209,1151,2365,63,63,124,1430,1333,2764,143,106,246,1309,1251,2560,64,58,115,1507,1414,2919,91,74,166,1230,1146,2383,69,44,118,1393,1265,2663,88,82,169,1081
LGA10500,56,771,710,1482,72,75,148,3803,3665,7466,178,165,346,4052,3904,7955,11,13,28,776,663,1439,43,27,76,834,707,1547,17,21,33,761,699,1465,42,34,79,822,754,1578,21,11,28,707,652,1357,28,26,51,750,683,1435,19,8,30,733,718,1455,33,21,59,783,754,1541,13,18,31,830,725,1551,41,47,87,889,788,1674,78,70,149,3804,3465,7270,196,160,353,4081,3689,7773,25,32,50,1083,940,2020,61,52,116,1173,1015,2187,30,21,51,1273,1153,2424,67,60,129,1375,1231,2602,18,20,38,1381,1209,2590,78,88,163,1478,1320,2792,37,23,62,1440,1327,2769,72,78,145,1545,1430,2972,18,28,46,1497,1410,2904,101,107,203,1616,1545,3164,127,124,245,6674,6038,12718,383,371,749,7181,6537,13717,97,97,191,8458,8445,16901,548,519,1070,9104,9057,18164,61,82,149,8713,8497,17218,530,482,1012,9308,9064,18370,52,57,107,7177,6954,14131,398,362,759,7624,7371,14992,37,48,81,5539
LGA10550,18,207,204,409,74,80,162,919,848,1768,66,71,140,1060,1003,2067,19,20,41,191,166,362,14,20,32,226,208,434,12,24,36,174,143,316,16,10,30,203,177,386,16,20,35,162,123,291,6,8,17,189,152,341,9,10,21,138,139,279,22,12,35,168,162,329,8,12,21,119,116,234,8,8,16,144,135,274,72,86,155,791,685,1480,69,62,129,929,833,1760,9,9,20,99,99,199,9,4,11,121,111,229,10,8,22,119,94,212,3,4,11,127,109,240,15,11,26,132,122,258,12,12,22,166,147,308,0,10,14,106,97,204,8,12,23,121,115,234,7,6,11,122,115,236,9,10,16,136,129,268,47,46,90,581,523,1104,46,42,91,672,612,1284,48,38,85,621,628,1252,47,39,87,721,711,1430,26,29,59,677,749,1420,60,60,121,760,838,1605,31,40,71,730,798,1524,51,50,103,809,886,1694,28,24,52,682
LGA10600,20,82,82,158,26,34,54,398,370,764,40,50,93,468,447,920,3,8,11,76,69,145,4,3,9,82,79,163,7,3,14,76,68,146,8,6,12,86,82,171,4,6,8,65,72,134,3,7,14,70,86,158,4,5,5,56,44,96,3,10,11,63,52,119,5,0,4,38,41,78,10,10,16,54,52,104,24,26,50,308,290,597,29,32,66,358,347,708,6,4,8,37,40,79,0,0,3,46,43,95,9,9,10,32,38,71,3,0,3,42,45,83,0,6,10,38,30,69,0,0,3,44,36,79,0,3,6,37,23,58,0,6,4,41,25,68,0,4,11,28,25,62,3,4,5,32,36,74,19,25,45,182,159,334,11,8,22,211,191,400,14,17,27,177,184,359,15,10,21,206,207,412,21,13,34,257,284,546,27,19,45,308,320,631,10,12,23,261,303,567,29,23,51,306,338,649,13,9,20,268
LGA10650,12,64,52,120,24,23,49,207,214,425,19,25,47,251,268,513,3,4,8,53,39,91,8,0,9,63,44,110,3,3,8,45,37,84,5,7,12,50,49,103,0,5,8,38,47,84,3,5,6,48,60,107,0,0,3,31,29,64,7,3,11,41,38,77,0,0,5,26,24,45,0,0,3,24,24,53,11,17,30,197,171,367,19,19,44,234,213,444,0,0,5,29,31,58,0,3,6,33,35,67,0,0,0,24,14,42,5,0,6,29,20,47,3,0,4,26,24,52,4,3,5,33,35,63,0,0,0,19,21,47,3,0,3,20,24,51,0,0,0,25,23,49,5,3,11,34,29,59,3,5,14,124,119,248,12,10,26,144,144,286,7,3,9,158,142,297,18,21,42,181,170,348,4,3,8,168,180,347,15,13,28,181,205,381,7,3,11,149,177,321,17,13,28,171,190,365,3,13,17,172
LGA10750,300,2850,2632,5477,699,660,1364,13384,12552,25938,779,750,1528,14863,13967,28829,109,154,262,2371,2223,4596,145,117,267,2623,2502,5127,113,95,209,2359,2167,4521,153,102,247,2620,2361,4980,125,110,241,2263,2047,4314,124,95,221,2513,2257,4772,120,127,244,2156,2104,4258,104,121,224,2380,2351,4730,134,128,258,2262,2019,4283,115,108,224,2506,2263,4770,601,620,1214,11411,10561,21968,631,551,1187,12642,11728,24375,103,103,207,2415,2305,4711,133,148,277,2649,2553,5201,119,105,224,2608,2322,4929,161,114,270,2890,2535,5428,108,112,216,2468,2247,4715,150,118,270,2726,2476,5203,116,95,203,2497,2191,4680,158,134,293,2761,2416,5182,107,87,194,2542,2353,4893,178,149,328,2826,2591,5412,547,500,1050,12527,11413,23942,782,663,1436,13849,12575,26427,519,483,1011,12620,12493,25115,867,817,1689,14012,13797,27812,343,421,765,13597,15474,29070,806,814,1616,14743,16701,31453,276,331,602,16740,17338,34077,854,897,1748,17873,18565,36436,249,276,522,15038
LGA10800,3,42,35,69,28,28,63,159,136,295,14,18,38,203,185,394,9,4,11,22,27,45,6,0,7,29,32,64,4,4,6,33,32,64,5,4,10,39,43,82,3,4,4,24,24,53,0,0,0,26,30,57,3,0,5,18,24,40,0,0,0,21,22,47,0,0,4,18,17,37,5,0,5,21,21,44,18,11,34,112,131,240,9,5,16,138,152,291,5,0,5,15,21,39,0,0,6,18,25,42,4,0,6,23,14,34,6,0,8,30,21,45,0,0,0,16,27,44,0,0,4,13,28,47,0,0,0,26,22,45,0,4,0,30,24,51,3,0,4,30,23,56,4,3,3,34,29,64,10,5,18,106,110,216,8,10,18,128,123,251,19,14,34,128,123,254,22,6,29,167,147,312,4,11,20,122,116,235,9,11,17,138,136,273,11,14,20,113,138,252,15,16,32,135,171,306,13,5,18,129
LGA10850,3,50,51,97,35,23,58,226,233,465,13,17,33,277,278,554,0,0,3,53,41,91,4,0,4,54,43,103,6,0,10,38,38,76,3,0,6,47,49,92,4,3,8,50,37,87,3,0,7,53,45,100,8,4,8,33,36,72,6,5,12,44,46,91,3,9,15,29,25,57,3,5,7,38,39,77,20,24,43,207,177,384,12,14,32,247,218,462,7,8,10,29,27,60,0,3,4,33,39,74,3,5,13,28,20,47,3,0,4,28,34,57,4,3,5,30,25,59,0,5,6,35,27,64,6,4,9,25,23,42,0,4,3,29,22,52,3,0,5,25,24,49,0,0,7,34,32,61,14,21,37,135,120,258,7,9,16,161,156,314,12,16,27,144,167,316,6,8,10,171,185,352,11,14,24,188,206,395,6,13,20,208,231,438,11,12,27,156,187,347,9,11,24,183,207,391,8,10,14,166
LGA10900,30,507,491,992,118,142,263,2381,2253,4630,72,67,137,2576,2459,5037,31,16,48,528,459,990,20,14,34,577,490,1067,21,27,48,477,443,923,14,12,22,508,474,990,23,24,43,461,418,879,14,12,26,494,457,948,29,18,53,450,373,828,15,11,25,491,407,900,31,21,46,348,339,692,16,9,25,397,368,762,132,106,239,2266,2031,4297,71,55,133,2472,2194,4665,16,20,39,406,323,729,8,8,20,434,354,790,16,12,26,361,335,698,7,11,21,388,357,744,24,18,39,339,289,628,11,4,13,373,309,678,17,10,29,295,240,535,13,7,23,327,257,585,20,13,29,294,290,584,8,9,18,323,307,627,94,71,163,1695,1478,3170,56,35,91,1834,1584,3421,44,50,90,1464,1440,2907,50,56,104,1558,1543,3098,53,71,128,1817,1950,3772,70,62,132,1938,2084,4028,58,57,119,2104,2310,4408,86,71,150,2244,2436,4678,60,61,123,2206
LGA10950,0,13,10,24,23,29,56,49,48,91,4,4,7,77,75,151,4,3,9,10,12,28,0,0,4,17,15,34,0,7,8,16,8,19,0,0,0,12,18,32,7,4,7,14,13,21,0,0,0,21,14,32,7,0,9,8,7,17,0,0,0,15,11,28,3,6,4,15,4,21,3,0,4,20,6,24,15,15,37,61,44,106,9,4,8,87,65,147,0,0,4,17,6,27,6,0,6,24,14,34,3,0,7,10,4,12,3,0,3,16,9,22,3,3,9,5,5,12,0,3,6,10,13,22,0,3,9,10,11,21,0,0,0,15,19,29,4,3,9,17,5,19,0,0,3,20,12,30,12,20,31,55,31,91,11,9,16,83,59,140,13,14,28,56,58,117,3,6,5,69,75,150,15,19,29,55,75,127,3,0,8,79,92,169,11,12,17,47,39,87,4,8,10,61,55,119,8,4,14,34
LGA11150,9,13,8,21,37,33,68,37,23,65,17,20,32,95,78,165,9,7,17,0,0,7,4,3,6,15,13,32,6,5,10,4,0,8,0,0,5,12,5,20,4,6,8,6,11,12,3,3,11,17,17,36,3,3,10,3,5,5,0,0,3,7,11,20,3,3,9,7,8,14,0,4,5,13,14,26,30,27,63,25,19,43,15,8,20,65,62,134,6,14,23,4,5,10,0,3,0,17,23,37,0,4,6,6,3,6,0,0,0,7,7,13,7,5,9,9,4,15,3,4,6,16,10,31,3,4,10,5,5,17,0,0,0,12,16,31,3,3,7,10,6,16,0,0,0,16,9,22,23,35,59,31,29,65,4,9,13,64,70,134,22,21,41,33,51,85,7,11,22,59,86,150,18,16,37,47,64,109,10,14,22,77,95,168,18,20,39,49,44,88,13,15,22,73,71,148,12,16,29,33
LGA11200,0,12,8,19,30,31,59,7,7,22,3,6,12,44,49,91,7,7,15,0,0,3,0,0,0,15,9,17,9,8,19,0,0,0,0,0,0,7,9,17,10,3,15,0,3,3,0,4,0,13,11,22,4,0,8,0,3,3,0,0,0,3,8,10,5,0,7,0,0,4,0,0,0,5,4,7,35,30,59,8,9,11,3,3,9,45,36,80,3,3,5,0,0,0,0,0,6,3,9,14,3,0,7,0,0,7,0,0,0,7,0,10,0,6,6,0,4,3,0,11,7,5,20,18,5,0,11,3,0,4,4,0,4,12,3,17,4,3,5,0,4,9,0,0,6,11,13,20,19,20,39,13,8,20,13,16,24,39,41,76,8,28,35,16,16,28,9,14,19,35,58,90,24,34,62,21,17,42,10,4,18,54,64,118,16,27,41,19,12,31,6,3,13,39,40,78,13,14,26,13
LGA11250,17,99,96,193,95,105,192,374,364,733,45,60,108,511,522,1033,11,17,31,59,63,128,8,7,22,83,93,180,28,17,42,72,62,134,16,7,18,107,86,194,18,11,27,88,73,156,9,8,13,111,97,204,22,13,34,62,59,120,13,3,17,96,77,173,14,19,31,88,80,168,13,6,20,114,108,221,91,74,172,370,343,708,54,35,92,519,452,971,22,18,43,61,60,113,7,11,22,92,85,174,18,16,31,66,47,109,6,8,16,91,66,153,14,14,34,72,57,130,10,4,12,94,79,167,16,9,26,62,72,139,5,7,13,85,87,172,24,17,36,80,82,164,12,13,24,120,105,226,87,79,166,343,307,652,47,34,79,475,424,896,68,69,140,426,451,874,41,45,84,531,561,1093,54,60,112,428,460,890,43,47,89,519,569,1087,43,62,109,401,404,809,39,38,75,482,502,989,39,41,83,357
LGA11300,6,155,186,335,8,5,15,762,850,1619,21,17,44,799,880,1675,4,0,5,147,166,320,5,5,11,157,175,329,0,4,4,134,177,314,4,4,10,140,181,321,0,0,0,149,201,351,6,0,6,159,198,361,0,3,3,171,168,337,0,3,8,168,177,342,0,0,3,229,221,451,4,10,13,239,235,472,5,7,15,834,935,1769,15,25,42,861,970,1829,0,4,4,317,301,619,26,6,28,337,311,647,6,3,4,549,485,1033,26,19,51,582,506,1089,5,0,8,531,479,1009,33,20,49,562,502,1063,3,3,0,570,511,1084,26,35,63,600,549,1152,0,0,0,509,497,1005,24,21,49,536,518,1054,11,9,18,2473,2272,4750,128,112,236,2613,2383,5006,10,12,24,2331,2297,4623,132,105,240,2474,2406,4885,7,5,9,1920,1794,3711,107,92,194,2029,1888,3917,9,3,9,1387,1334,2715,68,65,139,1461,1404,2860,0,5,8,1025
LGA11350,39,205,209,417,40,34,73,918,887,1810,105,112,214,1056,1034,2097,5,9,14,196,173,369,19,14,34,216,200,414,4,3,8,167,164,331,11,15,28,183,186,362,6,6,6,167,148,317,16,12,29,185,168,353,4,8,9,128,127,253,23,13,31,149,148,299,10,7,14,101,120,224,11,14,27,126,146,264,26,33,57,758,731,1488,75,78,148,862,840,1695,10,7,18,94,99,197,17,25,41,117,130,254,5,7,14,122,132,255,16,20,37,137,166,303,10,3,15,115,120,229,8,27,31,126,148,281,4,4,12,94,136,233,10,21,24,105,166,270,3,4,7,136,206,341,19,18,36,162,226,383,23,27,56,556,697,1253,67,110,173,648,832,1483,27,25,50,828,1033,1866,103,109,215,956,1171,2127,23,20,43,1130,1298,2427,139,141,278,1288,1457,2745,23,22,47,1093,1233,2327,130,143,273,1247,1401,2649,21,21,40,1030
LGA11400,18,99,102,200,59,37,93,454,442,899,44,45,86,552,518,1077,16,5,26,92,92,186,4,8,10,105,108,213,4,13,19,90,71,160,8,0,13,106,89,190,7,7,17,83,72,160,4,11,9,95,94,185,10,7,17,60,60,125,8,6,14,77,73,149,8,7,11,56,49,106,3,5,14,63,63,130,45,39,86,380,352,734,28,28,58,450,426,876,11,3,17,60,54,114,7,5,18,77,58,139,7,16,15,56,43,100,9,4,11,69,62,125,4,3,9,51,42,86,3,3,10,61,49,113,3,6,8,55,52,98,7,8,16,67,58,122,7,4,9,52,57,107,3,4,4,63,61,125,32,32,65,270,238,507,28,26,53,335,289,628,18,19,35,219,227,450,13,14,26,252,256,509,14,22,40,242,305,543,19,23,45,272,354,627,12,23,36,317,349,668,36,23,58,363,398,762,9,20,29,346
LGA11450,49,919,856,1767,242,215,460,4216,3955,8172,124,130,259,4584,4308,8890,42,32,79,792,757,1543,24,18,37,855,806,1662,39,36,73,687,681,1371,25,23,50,756,735,1485,37,31,72,728,654,1380,17,21,33,781,702,1483,31,37,73,683,729,1409,23,21,39,736,782,1525,37,31,64,632,616,1242,13,16,33,677,667,1342,190,171,362,3517,3428,6942,92,100,192,3800,3698,7498,29,44,74,645,662,1302,24,23,43,702,725,1427,31,30,65,645,665,1308,13,20,40,691,719,1404,30,25,60,636,614,1250,18,30,46,683,674,1358,32,19,55,625,620,1243,21,29,45,674,667,1346,26,44,75,655,679,1336,23,25,38,705,749,1455,150,171,319,3201,3245,6446,98,126,221,3453,3536,6987,140,205,345,3881,4227,8106,118,124,242,4132,4552,8690,123,137,259,4742,5454,10189,158,155,310,5016,5741,10766,94,130,220,4861,5027,9881,150,153,305,5105,5307,10410,99,100,199,3977
LGA11500,138,1211,1148,2358,473,428,908,5468,5220,10690,356,350,707,6297,6006,12302,100,80,177,1067,1003,2070,62,60,120,1233,1141,2372,79,75,156,923,939,1865,65,56,120,1064,1070,2137,84,74,159,977,914,1895,61,56,116,1124,1043,2163,72,69,139,1018,903,1924,58,57,111,1148,1032,2172,82,64,150,884,918,1802,81,54,130,1046,1035,2075,412,363,778,4879,4678,9555,316,277,598,5604,5321,10930,61,72,134,1005,923,1930,55,56,114,1123,1054,2176,70,67,134,1096,1003,2101,56,55,110,1221,1125,2348,73,65,139,987,960,1951,51,55,101,1113,1081,2192,65,65,125,1048,998,2049,61,52,115,1176,1104,2285,59,57,114,1054,1008,2062,59,48,105,1166,1116,2281,328,324,650,5200,4886,10088,283,269,548,5802,5479,11285,246,293,540,5274,5700,10973,295,329,630,5818,6325,12147,178,244,420,5702,6642,12343,318,381,695,6193,7263,13457,134,221,354,6458,6857,13321,368,378,746,6960,7453,14418,158,225,384,5738
LGA11520,21,454,404,860,23,23,40,2223,2217,4443,59,72,131,2304,2307,4611,6,8,16,402,437,837,8,12,20,420,453,875,7,5,9,390,408,798,6,8,14,401,420,822,9,0,7,392,381,776,9,10,18,412,389,801,3,0,0,383,392,765,8,9,20,389,404,794,5,0,6,393,378,774,20,13,33,417,397,817,35,20,47,1954,1991,3945,59,48,106,2047,2062,4102,12,5,16,388,395,783,10,14,29,414,415,831,12,10,18,523,491,1017,31,23,51,567,517,1085,7,7,15,565,461,1020,37,12,50,610,478,1089,4,5,11,535,552,1086,42,13,57,580,573,1154,3,0,7,604,559,1161,39,32,73,646,588,1237,36,27,65,2620,2447,5068,164,95,256,2817,2576,5395,23,20,43,3164,3354,6521,162,157,315,3347,3536,6877,19,17,36,3690,3939,7628,165,179,339,3872,4133,8006,18,10,33,3525,3589,7115,127,109,237,3676,3711,7390,18,17,28,2934
LGA11570,261,2432,2235,4662,143,138,284,11542,10723,22268,776,686,1457,12460,11554,24009,27,26,57,2274,2073,4344,141,113,260,2436,2212,4651,32,29,59,2223,2044,4267,142,116,260,2402,2189,4584,20,18,37,2197,2039,4240,105,110,221,2331,2170,4494,25,26,51,2241,1973,4215,137,135,268,2403,2131,4538,26,21,46,2104,2009,4107,122,114,237,2253,2138,4391,132,113,244,11037,10140,21175,650,591,1242,11822,10838,22662,32,27,59,2316,2191,4509,155,139,286,2494,2353,4853,17,30,50,2500,2196,4699,181,124,303,2695,2347,5047,22,25,49,2404,2171,4571,154,124,272,2572,2317,4891,19,27,48,2401,2229,4636,161,154,311,2586,2407,4997,33,20,51,2574,2379,4950,188,152,334,2782,2552,5334,115,130,252,12191,11167,23359,827,681,1511,13137,11986,25124,127,117,249,13267,12329,25599,936,875,1808,14329,13325,27651,74,86,152,12969,12883,25854,905,875,1782,13948,13848,27793,68,103,162,12704,12374,25074,935,842,1784,13707,13321,27026,64,74,131,11144
LGA11600,6,21,12,30,14,12,19,64,53,112,5,9,24,84,73,157,0,0,4,9,10,23,6,0,3,19,13,29,0,0,0,17,9,23,5,0,3,19,9,33,0,0,0,11,11,25,0,0,0,14,17,29,0,0,3,11,8,21,5,5,3,13,17,31,0,4,5,8,8,19,0,0,0,11,10,23,7,16,15,63,48,109,10,3,16,71,66,141,6,5,7,7,6,18,0,4,4,13,13,28,0,0,4,13,9,22,3,0,3,17,15,30,0,0,3,14,14,23,0,3,0,19,13,28,0,3,0,14,7,22,0,0,0,18,11,28,3,0,3,19,17,30,8,7,10,27,16,44,8,10,20,66,55,121,7,10,19,81,74,160,15,8,23,116,74,190,12,9,24,145,91,238,6,12,15,99,88,194,15,9,24,126,104,236,4,6,5,79,75,152,5,9,10,88,87,173,7,8,14,63
LGA11650,222,2292,2186,4472,979,983,1959,9787,9105,18890,487,517,997,11248,10599,21847,228,173,395,1963,1806,3765,100,102,201,2287,2077,4361,197,196,390,1832,1775,3606,98,82,182,2126,2047,4171,164,164,327,1817,1724,3542,95,94,189,2069,1983,4054,164,164,326,1809,1687,3496,85,55,139,2061,1906,3962,174,149,326,1717,1522,3234,95,67,161,1984,1743,3727,921,840,1756,9129,8513,17641,478,402,874,10523,9754,20276,146,164,314,1702,1581,3284,82,99,180,1925,1842,3770,151,136,286,1666,1646,3310,79,80,163,1889,1858,3751,136,151,293,1619,1556,3178,93,85,177,1854,1795,3647,154,139,290,1608,1627,3235,74,69,141,1835,1831,3666,161,140,301,1635,1568,3196,84,76,154,1873,1778,3656,748,727,1475,8227,7971,16196,405,406,813,9383,9107,18486,598,621,1221,8145,8254,16399,488,441,936,9235,9314,18552,504,536,1042,8419,9183,17602,459,463,925,9385,10187,19570,411,487,903,9095,9852,18946,453,481,939,9965,10826,20786,387,442,828,9119
LGA11700,4,4,13,20,20,32,58,10,13,22,10,12,16,37,64,99,10,8,13,0,0,4,0,0,0,8,11,16,3,9,14,3,0,3,0,0,0,7,12,18,9,0,4,3,0,3,6,0,0,10,5,10,11,11,17,4,3,8,0,4,8,18,13,33,7,5,11,5,0,4,4,4,3,11,12,21,32,32,65,13,10,23,8,11,16,51,52,107,5,5,9,3,8,6,3,4,11,11,16,29,6,5,8,4,4,8,0,0,0,10,7,15,3,7,11,6,3,6,5,0,6,15,13,20,3,4,3,6,0,6,3,0,5,8,9,15,3,5,3,8,3,6,0,0,5,8,11,15,18,19,37,21,14,40,11,14,26,52,51,106,15,23,34,25,31,58,15,13,29,56,65,118,13,25,40,17,20,40,6,15,18,36,59,99,22,24,43,15,16,32,7,14,16,39,54,89,11,19,32,24
LGA11720,27,421,400,827,378,352,729,1679,1636,3314,87,88,179,2147,2073,4220,69,75,144,296,288,585,18,14,35,387,385,768,83,67,150,343,279,619,21,15,32,446,359,802,64,50,112,269,291,558,22,14,36,360,349,706,63,58,117,287,296,579,14,20,35,363,373,734,63,50,119,296,277,572,14,22,32,372,345,721,346,299,644,1491,1435,2924,92,82,168,1924,1812,3736,72,62,132,306,272,580,24,16,44,397,354,752,49,62,109,324,262,587,16,19,34,388,340,727,58,45,104,302,324,625,24,19,42,382,389,769,68,50,118,311,323,637,16,31,41,391,409,801,74,46,119,307,340,646,23,10,39,403,393,798,311,265,578,1548,1525,3071,96,98,197,1962,1888,3846,316,223,536,1923,1932,3858,109,104,217,2352,2261,4612,263,186,447,1897,1969,3864,88,95,184,2242,2246,4492,202,180,389,1817,1839,3659,79,81,153,2097,2102,4195,179,156,326,1683
LGA11730,49,352,297,651,273,237,511,1255,1202,2452,124,110,233,1653,1549,3190,59,44,100,270,246,516,24,21,44,353,306,656,37,44,83,250,236,485,19,26,47,313,302,610,47,31,81,206,194,402,13,19,35,267,248,513,34,41,72,240,178,413,26,20,42,300,233,532,34,22,54,185,138,326,22,10,29,235,176,412,210,179,389,1156,990,2144,107,91,198,1468,1264,2731,48,49,95,188,162,357,24,22,49,260,237,496,35,34,71,182,174,357,18,10,27,236,220,454,32,40,76,191,184,373,14,15,26,237,242,477,48,40,82,188,186,371,14,14,31,251,237,487,46,28,70,201,154,354,14,13,26,259,193,453,207,187,397,950,865,1812,83,77,164,1246,1129,2369,197,149,347,984,956,1940,77,87,165,1251,1194,2450,168,133,300,1120,1154,2277,95,88,183,1384,1370,2753,145,112,255,1154,1112,2266,88,95,182,1383,1320,2704,96,93,193,1116
LGA11750,8,30,23,51,24,26,50,81,91,168,23,19,45,126,141,267,3,5,10,16,20,32,0,5,6,18,27,48,0,9,10,20,14,29,5,3,8,28,24,54,6,4,10,13,7,20,3,5,3,24,20,40,8,4,11,20,10,26,8,4,9,29,20,46,3,8,14,15,10,26,9,3,10,25,17,48,20,26,52,85,54,141,17,19,40,122,105,231,9,5,13,18,15,36,3,6,12,32,25,60,8,6,12,16,16,26,5,3,10,24,25,51,3,6,9,16,20,29,4,3,12,23,28,55,5,7,4,15,10,22,3,3,4,17,10,26,0,3,8,13,11,31,6,4,8,17,20,37,23,25,44,73,65,145,13,19,38,114,111,228,20,26,44,109,86,195,23,23,44,149,130,282,17,20,38,105,124,226,25,22,47,146,163,312,14,17,31,85,117,204,28,29,57,122,166,290,13,15,28,89
LGA11800,47,477,521,1003,295,260,556,2158,2177,4332,127,157,280,2576,2595,5172,37,48,88,410,387,801,31,30,62,477,474,954,62,41,105,413,416,832,20,26,44,499,482,980,40,47,92,371,390,755,16,26,37,427,463,886,39,51,90,384,342,720,27,20,48,449,408,857,40,40,86,347,344,689,35,25,58,419,413,837,222,228,456,1926,1884,3805,122,128,247,2267,2240,4505,35,42,76,296,262,557,18,19,32,350,320,674,35,34,65,334,305,636,20,17,34,390,351,739,44,37,77,307,272,578,18,15,33,371,320,689,31,37,73,302,334,643,28,11,38,363,385,751,30,36,65,308,326,639,24,22,50,367,383,750,176,177,360,1555,1497,3052,107,87,197,1841,1760,3601,139,160,297,1789,1858,3645,149,159,308,2071,2177,4251,135,143,281,1899,2068,3969,155,131,293,2194,2343,4534,125,135,262,2011,2209,4213,131,133,262,2265,2470,4738,98,146,243,1894
LGA12000,7,31,40,71,16,15,32,132,122,258,12,9,21,160,151,307,3,3,7,22,26,55,3,3,4,30,35,62,3,4,6,38,28,64,5,4,5,41,29,79,4,0,7,19,22,43,0,5,0,24,25,49,0,6,6,31,30,58,3,0,0,34,34,68,3,0,3,25,9,35,0,0,0,24,15,37,7,12,25,139,112,248,9,11,20,151,139,293,0,4,4,21,11,35,0,0,0,21,17,38,0,3,6,17,14,35,0,0,0,15,20,38,0,0,5,8,6,21,0,0,0,14,7,22,0,3,7,18,16,35,0,0,5,20,24,38,0,0,5,12,21,34,0,3,3,20,24,39,4,14,18,76,74,154,3,3,9,87,96,179,3,11,10,92,101,193,6,3,14,100,109,216,8,10,14,88,112,198,11,6,16,100,123,222,12,4,12,88,96,178,10,5,12,104,101,207,8,4,14,108
LGA12150,9,36,25,67,76,55,128,41,33,71,30,19,49,140,107,250,9,11,28,7,3,8,0,4,6,18,20,41,4,9,16,9,4,14,4,0,3,20,10,35,17,13,25,5,5,17,3,4,7,24,22,51,12,15,20,9,9,16,3,0,3,22,20,41,14,7,17,3,7,10,7,6,5,17,22,37,60,53,108,36,31,70,19,16,33,114,98,207,4,8,14,3,9,12,0,3,3,13,18,32,8,11,21,8,8,21,3,11,12,23,28,50,7,6,11,3,9,18,0,3,3,12,22,37,4,6,16,5,7,11,0,0,0,11,16,27,8,13,21,7,6,17,0,5,3,21,23,40,42,41,84,35,43,73,11,18,26,78,104,184,33,59,87,64,80,138,13,11,28,105,150,256,24,37,60,52,56,103,13,22,36,89,113,207,31,31,63,66,57,123,19,20,45,117,109,233,26,32,64,38
LGA12160,4,87,72,159,38,29,68,309,276,589,30,28,63,377,331,714,10,10,19,55,50,104,0,7,9,65,65,130,7,10,23,64,70,131,7,3,11,80,85,161,10,10,18,63,49,116,11,3,16,82,63,147,8,4,11,46,42,85,4,0,3,60,47,105,5,3,9,43,33,74,0,0,6,48,39,92,45,32,80,267,243,511,25,22,43,333,295,636,5,3,9,52,23,77,0,4,0,55,35,91,6,7,11,40,29,70,8,5,12,55,39,97,5,8,13,32,39,72,3,3,9,38,56,94,6,4,7,42,45,89,6,5,9,50,54,102,12,9,12,43,44,87,5,3,7,58,54,110,28,27,55,210,192,396,27,19,40,258,237,490,25,23,49,216,199,419,23,19,45,260,245,502,16,20,37,204,216,417,17,16,35,239,259,496,14,21,32,218,238,459,22,21,42,260,282,541,10,20,30,234
LGA12350,14,81,64,154,57,71,125,285,268,557,33,23,51,374,366,741,8,16,21,59,70,130,3,12,13,76,90,166,14,11,29,63,45,111,12,4,16,88,60,145,14,7,17,68,63,123,3,3,8,82,69,157,8,8,23,54,46,102,4,3,12,70,64,134,8,12,24,47,37,86,8,5,15,61,55,119,56,53,109,289,259,548,39,28,67,379,347,719,5,13,17,48,42,91,9,5,12,63,58,118,9,12,13,40,45,86,8,10,19,61,59,118,8,6,18,58,48,107,11,6,16,81,56,136,10,3,20,46,51,97,0,9,12,59,67,126,8,10,17,69,46,115,10,8,13,88,66,154,44,38,83,258,228,491,42,32,74,348,302,647,38,46,78,256,291,548,22,26,57,314,360,675,18,34,56,250,247,497,27,34,58,300,314,613,18,30,42,230,263,497,29,25,52,275,317,596,23,27,50,264
LGA12380,170,1351,1331,2685,73,91,160,6742,6510,13253,526,462,986,7339,7054,14394,16,19,32,1270,1179,2449,95,77,170,1379,1272,2650,14,15,30,1219,1123,2345,89,73,162,1323,1214,2537,4,8,9,1164,1090,2251,66,71,132,1232,1167,2402,12,12,22,1143,1149,2290,64,74,136,1222,1237,2456,9,8,19,1250,1148,2397,111,76,186,1369,1235,2610,60,65,118,6036,5697,11733,427,367,793,6523,6129,12646,6,20,32,1590,1276,2869,118,86,206,1719,1378,3103,11,7,19,1879,1572,3451,145,111,251,2031,1688,3716,9,10,19,2027,1627,3653,134,97,227,2166,1733,3901,7,12,21,1907,1707,3622,161,115,271,2077,1834,3905,15,10,30,2004,1729,3729,159,119,280,2172,1861,4036,57,60,114,9405,7912,17313,702,519,1229,10164,8492,18657,55,56,114,11120,9230,20347,880,668,1550,12056,9956,22015,49,64,109,10442,9622,20067,770,670,1444,11262,10360,21619,27,53,80,9730,8840,18568,797,675,1470,10553,9570,20123,42,45,84,8003
LGA12390,60,409,363,775,521,448,973,1290,1174,2460,199,166,367,2015,1782,3799,92,93,190,218,196,409,38,25,63,347,315,663,77,93,165,220,188,407,35,27,61,331,307,635,64,82,145,214,205,422,18,29,46,298,314,612,95,77,167,220,189,403,33,27,56,347,288,629,101,73,169,194,176,372,33,26,62,332,279,610,425,416,845,1064,950,2019,152,130,289,1650,1498,3148,78,69,144,190,170,360,35,26,66,310,265,569,89,83,170,187,182,370,27,18,45,301,278,583,67,71,136,165,212,377,26,18,50,256,307,559,72,75,142,234,238,474,31,34,59,339,340,676,90,84,175,213,260,471,27,27,53,326,365,696,395,377,765,992,1060,2048,145,126,267,1532,1559,3086,403,373,776,1564,1579,3136,173,183,358,2142,2130,4267,324,293,610,1546,1562,3112,169,162,328,2035,2015,4054,240,233,472,1417,1382,2798,136,153,294,1798,1761,3564,186,206,397,1184
LGA12700,5,69,74,145,50,37,90,276,256,529,16,15,30,341,311,649,11,4,15,40,35,73,3,6,7,52,46,101,6,7,10,45,41,89,3,4,10,55,50,106,0,8,13,50,41,97,6,0,6,59,50,110,9,5,18,56,43,93,0,5,7,63,50,116,3,6,15,33,47,81,4,3,3,40,58,96,35,36,64,224,210,431,18,15,24,267,258,525,3,7,13,36,29,61,4,5,5,40,41,81,7,0,8,44,40,81,4,0,3,52,39,93,0,4,6,37,28,64,0,0,0,42,25,71,8,12,19,28,25,54,3,0,3,39,42,78,5,3,10,22,34,57,0,3,8,28,36,69,25,28,49,171,154,324,11,10,15,204,190,394,17,21,42,164,167,331,7,8,21,188,206,394,20,19,37,206,215,422,10,5,17,234,242,473,22,23,43,253,267,513,19,13,30,286,299,585,15,16,32,228
LGA12730,11,59,42,101,28,22,49,222,223,437,34,24,59,275,265,543,3,7,10,49,43,94,11,3,14,63,51,108,7,6,11,30,39,67,8,4,7,41,50,93,0,8,10,42,47,87,6,0,11,51,54,104,3,11,13,34,45,73,6,5,8,41,52,94,0,7,14,28,36,65,0,6,5,33,49,79,20,34,53,181,200,378,29,20,43,227,248,480,0,0,3,29,32,61,6,3,9,32,42,69,0,8,4,32,28,60,0,0,3,37,37,72,5,8,9,40,28,59,5,9,14,46,38,82,4,8,10,30,38,71,0,3,7,37,50,84,5,5,9,41,25,64,8,3,16,53,36,88,12,19,32,166,159,322,19,22,40,199,201,398,11,10,24,190,187,376,28,30,60,230,228,459,7,14,24,160,181,339,16,21,41,189,217,406,10,11,17,164,197,364,19,18,34,197,223,419,8,8,17,180
LGA12750,41,218,239,454,137,158,296,887,794,1684,93,99,195,1116,1059,2173,30,26,57,182,159,337,18,16,35,227,202,432,26,31,54,167,149,308,18,19,40,208,192,405,23,14,42,184,143,327,15,16,34,224,172,401,23,10,31,158,145,306,18,17,39,199,176,377,20,14,28,121,106,230,18,11,31,154,136,291,116,99,213,804,698,1506,90,83,174,1017,882,1898,20,16,42,118,91,206,17,10,25,157,120,281,20,11,33,121,112,227,20,6,23,158,136,290,20,16,32,94,94,186,14,12,29,132,120,248,24,9,37,105,109,212,9,13,26,142,130,271,19,14,35,101,107,202,7,7,16,123,128,250,102,70,172,541,501,1039,74,53,126,714,629,1342,90,66,159,643,636,1276,57,54,115,792,757,1550,54,60,112,655,747,1400,43,66,113,746,872,1617,59,61,122,763,731,1494,63,80,146,884,878,1761,70,67,135,692
LGA12850,150,1462,1371,2832,100,84,187,6601,6142,12744,419,344,768,7123,6572,13693,19,12,34,1370,1315,2680,82,76,159,1467,1401,2871,13,14,27,1392,1277,2670,72,84,156,1475,1374,2849,16,8,29,1375,1338,2707,60,69,131,1443,1423,2866,10,11,22,1496,1338,2832,81,74,154,1587,1419,3008,21,16,42,1400,1253,2658,90,66,149,1511,1336,2844,80,67,144,7030,6518,13551,378,368,744,7490,6950,14439,17,14,31,1436,1364,2796,89,61,147,1539,1439,2975,10,19,32,1464,1343,2811,86,49,135,1567,1404,2969,13,9,21,1380,1349,2727,58,63,124,1451,1417,2871,17,5,23,1308,1337,2648,68,63,127,1391,1410,2805,10,13,20,1481,1444,2926,66,56,124,1553,1515,3068,60,63,125,7075,6829,13904,362,289,658,7501,7184,14686,46,70,120,6955,6426,13384,341,341,680,7342,6845,14190,40,46,88,5987,6106,12096,339,333,673,6369,6485,12855,44,43,81,5694,6220,11913,321,343,659,6052,6602,12655,29,41,67,5363
LGA12870,19,82,76,162,11,13,28,341,330,669,35,32,67,391,372,762,0,0,0,66,63,129,0,3,4,64,71,140,0,0,0,55,67,120,6,6,14,62,75,138,0,0,4,59,61,118,8,5,11,67,68,139,4,0,4,71,51,128,0,0,3,74,58,130,3,0,3,51,54,105,3,4,8,58,55,115,4,3,15,306,304,611,18,18,37,332,327,659,0,4,3,45,36,78,6,3,5,52,42,89,0,4,3,48,43,84,9,3,7,56,50,100,0,4,4,57,52,107,7,3,8,68,52,118,0,3,4,46,43,91,8,4,9,60,52,110,0,5,5,49,47,96,9,5,15,55,58,110,3,18,18,246,217,459,32,17,53,286,249,534,17,13,24,254,241,494,25,26,47,294,278,570,9,14,27,237,262,499,26,21,43,269,295,561,6,3,13,240,262,503,14,13,28,266,278,544,7,4,8,259
LGA12900,18,76,68,147,64,68,131,232,241,471,27,31,62,330,334,660,8,10,19,37,39,77,8,3,10,46,55,107,16,14,26,40,41,80,7,3,13,66,60,118,15,9,24,50,30,86,4,15,18,66,58,121,11,9,20,50,31,76,0,3,6,60,45,105,12,8,18,32,31,60,0,4,6,44,38,85,57,57,113,202,173,379,15,28,47,283,260,539,12,13,23,39,25,59,5,5,14,54,43,89,14,12,26,30,24,56,4,0,7,52,30,84,7,4,13,36,31,67,3,3,8,49,37,87,6,15,28,41,32,78,3,7,14,54,58,114,12,8,19,36,42,80,0,3,3,48,54,102,53,46,101,179,155,339,27,16,40,257,221,482,36,39,73,193,191,386,16,22,37,243,254,501,24,45,68,181,206,392,22,28,45,228,275,502,25,37,69,191,208,398,15,19,39,230,270,506,28,21,54,196
LGA12930,54,831,786,1619,47,66,114,4002,3835,7844,120,137,251,4170,4038,8206,5,7,14,780,685,1468,31,25,50,822,715,1533,12,4,21,791,746,1537,16,22,35,820,778,1597,11,9,17,757,781,1546,30,29,56,795,819,1619,7,18,28,785,727,1512,16,26,38,809,765,1578,9,16,31,854,738,1596,30,38,67,897,797,1694,55,54,104,3977,3684,7657,118,135,247,4141,3870,8009,9,13,20,1011,893,1906,31,19,53,1055,927,1976,9,8,16,1193,1003,2202,50,37,83,1252,1048,2295,14,13,19,1296,1175,2472,55,37,92,1367,1221,2583,13,8,22,1193,1076,2268,40,43,82,1244,1131,2371,11,14,27,1148,1092,2237,52,37,88,1212,1138,2350,47,54,100,5848,5234,11083,228,175,402,6126,5462,11587,51,49,103,6105,5561,11664,254,224,483,6414,5831,12247,36,29,70,5426,5441,10869,259,226,483,5725,5703,11421,33,20,56,5200,5361,10560,197,222,415,5429,5602,11035,11,32,49,4466
LGA12950,7,34,26,58,31,27,58,98,98,195,19,17,34,147,142,289,5,13,13,9,16,25,0,0,4,16,29,39,4,4,10,23,20,40,7,0,7,34,22,61,6,9,8,10,12,18,5,5,5,16,15,32,7,5,18,14,9,24,0,7,7,19,20,45,0,9,9,10,19,29,5,0,6,10,22,38,20,29,57,63,72,135,15,16,27,101,120,219,3,0,6,9,11,20,0,0,3,13,8,22,8,0,6,8,9,18,0,0,3,13,18,31,3,7,12,10,19,27,5,4,4,19,19,40,5,4,3,9,3,15,0,0,0,12,10,25,0,3,7,12,16,28,0,6,5,19,20,37,15,19,33,58,54,109,7,6,18,81,82,160,17,25,36,76,75,149,15,10,23,106,107,213,18,16,36,84,79,163,20,12,37,117,112,231,9,14,24,79,88,171,10,12,20,95,122,221,7,17,24,72
LGA13010,12,50,48,93,48,29,74,181,187,370,37,29,65,266,248,514,6,4,16,46,44,92,6,4,7,57,58,113,5,11,14,37,35,66,4,3,4,46,42,88,5,0,7,46,51,92,11,4,14,59,57,114,4,11,16,29,42,77,8,9,15,39,66,103,6,9,10,27,31,57,4,0,12,35,41,78,26,33,59,184,201,380,26,28,51,236,255,493,5,6,7,21,28,47,4,9,8,28,38,68,3,3,7,35,29,61,4,4,6,39,34,69,7,3,13,24,20,47,8,0,9,45,29,74,0,8,7,25,28,51,10,6,12,31,40,70,8,4,9,33,22,58,7,0,5,51,24,73,21,26,48,138,127,262,24,18,47,190,169,355,24,30,55,182,172,353,26,21,45,233,222,457,19,13,32,161,164,320,25,21,45,205,190,400,18,15,30,171,165,337,14,29,44,199,214,413,12,20,33,177
LGA13310,28,219,183,400,88,101,194,902,769,1674,88,78,160,1081,947,2028,23,21,46,173,161,331,25,15,33,217,200,413,20,15,35,161,150,311,11,10,15,190,171,364,14,17,32,159,139,291,15,7,22,184,165,342,14,4,16,153,126,283,23,8,27,185,137,323,18,14,31,158,129,286,13,12,16,180,145,332,81,72,154,798,700,1500,70,45,116,956,822,1775,15,22,38,162,128,292,3,12,15,181,158,343,14,15,31,178,124,298,12,14,18,201,150,349,12,10,25,157,116,269,17,8,23,183,137,325,17,13,23,154,139,290,13,5,21,184,152,338,17,12,27,162,143,304,11,9,17,188,163,348,71,75,142,812,649,1462,53,43,99,940,762,1698,64,52,117,911,851,1768,62,68,123,1035,968,2008,63,52,116,942,922,1861,59,54,119,1069,1023,2093,48,51,98,873,868,1742,54,65,119,973,982,1957,33,32,67,802
LGA13340,11,98,78,174,30,17,43,401,348,756,36,30,59,462,395,862,6,5,10,88,79,164,5,9,9,99,83,183,9,5,12,76,71,143,3,9,10,88,76,161,3,11,10,84,61,141,3,11,18,93,82,167,8,4,7,68,61,130,3,7,10,81,74,155,7,9,12,53,48,97,6,9,13,63,60,123,30,26,55,364,307,676,21,36,62,421,371,797,3,3,6,48,47,89,9,3,15,59,52,107,4,6,5,39,26,68,7,4,9,49,39,84,0,3,3,39,42,78,0,0,6,44,42,88,0,5,3,37,31,71,0,0,4,40,34,79,3,0,3,36,32,66,3,5,5,37,37,74,9,8,22,198,179,380,19,17,35,227,203,433,8,7,17,210,201,415,16,13,31,233,227,459,7,13,19,201,225,432,13,10,27,231,249,478,10,6,16,268,301,573,27,30,59,299,340,641,9,11,20,254
LGA13450,29,158,176,330,78,72,146,746,698,1439,69,74,146,886,842,1733,11,11,19,144,142,281,21,10,33,178,165,340,13,18,29,177,158,330,6,14,17,195,184,377,11,11,20,153,144,295,14,8,23,180,159,340,12,7,15,173,145,315,10,8,19,190,161,354,16,13,28,138,113,255,15,6,19,167,132,299,67,53,116,776,702,1483,67,42,109,914,802,1709,8,9,18,161,95,257,6,7,14,174,108,284,13,10,26,134,133,267,14,8,21,160,157,318,18,13,32,141,110,257,12,9,24,166,142,310,10,6,18,141,134,277,4,11,20,158,161,313,10,15,26,140,143,284,10,20,30,162,177,337,62,58,119,715,626,1338,48,60,106,821,744,1560,54,68,115,861,832,1696,74,63,138,990,961,1950,57,52,102,919,921,1841,61,56,120,1039,1031,2067,37,33,69,805,768,1584,61,57,112,904,859,1762,30,34,65,733
LGA13550,7,81,92,172,119,113,230,317,307,622,32,41,73,465,463,926,29,14,45,58,54,114,9,8,20,90,80,171,17,17,33,41,50,95,9,4,11,71,72,144,12,7,26,38,39,76,0,4,7,55,57,106,13,16,30,43,48,89,4,7,6,66,67,129,23,14,34,30,43,77,4,9,13,63,67,129,99,72,164,216,240,452,35,22,57,344,330,681,17,10,28,42,40,87,8,9,23,69,57,132,17,18,33,48,38,83,9,0,9,68,54,124,15,17,37,46,31,82,9,6,19,71,57,129,23,18,39,47,47,93,11,5,14,75,73,146,14,16,25,63,57,120,9,3,8,83,74,159,80,78,157,254,214,464,44,24,69,368,318,689,64,88,156,310,322,639,38,34,76,420,453,867,76,71,155,309,326,633,55,39,93,437,441,879,38,50,88,290,328,618,35,41,74,368,415,785,32,40,78,284
LGA13660,3,41,25,66,20,26,46,131,102,236,12,17,28,162,140,308,3,8,11,16,24,43,5,0,0,24,28,53,3,8,10,19,15,41,0,0,4,25,25,51,4,3,5,14,23,29,0,0,3,14,25,44,7,3,10,15,19,30,0,6,4,20,25,41,0,0,0,13,15,22,0,0,0,12,15,28,12,26,35,74,91,162,9,10,12,92,123,211,6,0,5,15,12,25,3,0,7,26,11,39,0,0,0,12,15,25,0,0,0,17,14,27,3,3,4,12,10,22,0,0,0,14,12,27,5,0,4,11,9,23,0,0,0,11,12,21,3,9,9,26,8,34,3,0,3,29,17,44,15,15,25,77,56,131,10,6,13,96,71,169,9,7,20,81,80,157,14,14,20,97,99,194,5,9,11,89,78,167,7,11,21,103,99,200,6,8,14,111,112,224,16,13,27,129,135,262,9,10,20,98
LGA13800,30,487,436,918,194,177,368,2043,1881,3924,102,68,170,2338,2122,4459,37,27,66,417,414,826,17,26,39,469,470,937,29,23,62,403,374,771,16,24,41,452,416,868,39,21,58,402,354,759,19,18,30,457,387,847,42,26,64,383,380,761,26,8,36,451,422,865,53,16,71,375,386,762,17,23,39,449,422,872,198,128,325,1985,1899,3885,94,90,182,2276,2117,4391,32,28,62,420,379,797,26,14,44,477,421,897,35,27,64,357,383,737,25,19,43,412,433,843,20,30,47,387,347,739,17,16,32,424,390,817,30,30,59,366,347,718,19,11,29,420,388,806,22,37,61,442,345,794,21,14,31,492,393,886,144,151,294,1976,1800,3774,104,74,174,2223,2024,4245,124,140,263,1976,1980,3957,103,89,191,2203,2206,4409,88,125,215,2033,1992,4024,110,73,185,2232,2196,4428,85,84,167,1775,1874,3648,98,94,187,1961,2049,4007,52,68,121,1804
LGA13850,0,11,9,22,12,7,22,59,51,112,9,3,11,83,65,145,0,0,0,5,17,23,0,4,0,7,18,25,4,9,7,14,10,22,3,0,5,18,15,36,3,0,0,13,15,24,0,7,7,16,16,31,4,8,7,8,7,17,0,6,0,18,17,29,0,3,3,6,8,18,0,0,0,6,16,20,7,11,22,53,53,104,3,13,14,64,80,139,0,5,8,14,13,27,0,4,4,21,21,35,0,0,3,4,6,10,0,4,5,10,7,20,6,3,4,10,15,24,0,0,0,11,22,31,3,0,9,14,11,23,4,4,7,22,17,39,3,0,3,18,12,33,5,0,4,28,14,46,11,8,21,59,62,122,13,10,26,90,81,168,15,6,22,74,61,137,14,7,20,104,74,181,4,0,8,47,55,109,13,9,16,68,64,133,7,6,12,51,53,106,12,3,17,63,65,133,3,3,3,47
LGA13910,17,123,137,259,52,56,107,555,526,1081,53,42,98,667,624,1284,12,17,32,87,102,188,11,4,13,112,125,241,16,11,27,99,111,210,6,11,18,118,131,250,12,12,23,98,86,180,6,5,10,116,100,220,4,5,15,103,95,191,17,7,25,124,109,230,6,10,16,85,73,155,3,5,7,96,87,184,59,61,116,467,464,930,49,30,78,566,556,1123,6,12,15,79,70,147,3,6,14,87,85,170,11,5,16,62,89,151,10,4,11,78,96,179,10,9,12,72,81,148,8,7,17,86,92,175,6,5,9,86,71,156,0,8,11,94,85,177,8,3,13,60,91,145,3,8,15,69,104,177,32,28,67,354,402,753,25,31,60,414,467,882,35,39,72,398,442,836,33,37,64,462,517,971,24,21,49,412,450,865,44,35,77,482,511,996,24,20,47,398,470,865,31,31,65,456,525,976,16,18,39,412
LGA14000,34,1099,1027,2122,51,49,101,5478,5203,10684,90,86,177,5620,5337,10958,3,11,13,1078,963,2044,14,14,35,1102,992,2092,14,6,13,1009,971,1982,26,16,39,1048,994,2039,9,16,23,957,912,1871,25,10,37,993,937,1927,14,11,21,941,883,1826,20,13,29,969,907,1879,10,3,15,939,840,1777,29,20,47,975,860,1838,43,45,90,4934,4571,9500,107,75,187,5084,4682,9774,10,15,28,844,812,1653,15,18,35,876,836,1711,9,10,20,939,859,1801,19,21,38,973,892,1858,7,4,12,901,750,1653,16,9,26,931,762,1691,6,3,14,821,764,1584,19,20,38,842,791,1633,4,3,10,741,668,1408,17,24,35,759,691,1451,39,39,76,4246,3847,8093,94,87,184,4377,3971,8346,29,36,63,3327,3152,6476,76,73,157,3435,3264,6690,31,22,50,3469,3982,7453,90,110,203,3592,4115,7708,16,15,34,4909,5410,10318,125,127,255,5055,5556,10607,25,15,39,5425
LGA14100,8,125,90,222,10,4,9,496,444,938,19,10,28,520,458,978,4,0,4,105,89,205,5,0,6,121,94,212,3,3,7,125,91,210,0,0,5,125,93,220,4,0,4,126,88,209,5,0,7,128,90,219,0,0,0,99,92,184,3,0,3,100,92,193,0,0,0,87,80,172,8,3,9,94,82,176,10,4,12,538,444,980,19,11,32,568,456,1027,0,0,0,75,69,147,0,0,4,83,69,151,0,0,0,81,63,139,0,0,0,83,64,144,0,0,0,80,61,142,3,0,3,82,61,144,0,0,0,75,56,130,5,3,3,77,57,138,0,0,0,69,56,131,0,0,6,78,58,131,0,0,5,383,293,680,11,4,20,401,306,704,0,0,0,228,212,439,11,11,19,241,223,461,3,0,5,249,260,509,15,11,21,257,278,534,0,0,4,302,376,679,17,13,31,319,392,713,6,0,6,353
LGA14170,44,842,808,1648,70,70,146,4295,4043,8337,136,102,238,4502,4218,8723,14,17,26,766,730,1500,19,22,44,797,770,1567,14,19,31,776,657,1433,18,16,36,804,685,1491,18,6,27,730,661,1395,17,29,45,763,699,1465,8,5,16,672,626,1298,27,25,52,710,654,1365,22,20,36,724,703,1427,34,27,63,777,755,1534,67,66,134,3667,3375,7050,112,125,242,3854,3568,7422,14,19,27,810,793,1598,37,37,76,864,840,1702,16,32,46,890,906,1793,45,37,81,949,976,1921,20,19,40,1029,1106,2132,61,50,113,1111,1181,2290,19,27,45,1066,1227,2295,64,68,129,1150,1321,2468,25,43,63,1275,1431,2710,58,76,133,1361,1548,2909,97,134,231,5071,5458,10531,264,260,523,5430,5854,11284,109,125,229,7726,8357,16084,381,409,792,8218,8890,17112,106,102,204,8313,8856,17172,375,390,761,8793,9338,18130,78,70,145,7713,7919,15632,308,275,586,8103,8263,16364,64,54,113,6630
LGA14220,28,136,104,237,127,111,238,450,409,856,60,67,128,639,587,1229,22,17,40,93,81,175,11,9,21,131,102,233,21,28,43,69,80,158,9,10,23,98,118,218,22,16,39,87,103,189,12,14,21,116,129,249,19,13,38,76,86,161,9,6,20,115,108,218,15,20,38,75,69,149,7,7,15,100,95,196,103,91,197,406,421,827,48,45,92,560,557,1116,16,11,31,77,49,131,7,7,13,108,68,176,25,11,38,63,58,127,6,0,7,103,72,171,20,16,35,63,70,133,14,8,24,96,96,192,11,22,32,73,76,146,11,7,19,95,104,196,13,12,31,72,72,142,6,4,9,90,92,184,89,73,160,354,328,677,43,31,71,485,425,909,64,68,135,390,380,770,59,45,99,508,491,998,39,71,110,355,405,762,47,50,97,445,524,972,44,38,76,375,380,757,48,52,99,463,469,936,36,54,84,358
LGA14300,12,40,35,78,26,25,50,157,140,298,17,13,27,191,178,376,0,6,8,39,19,57,0,3,3,41,26,66,3,0,7,28,31,58,5,0,9,29,37,69,0,0,0,23,21,49,0,4,0,26,26,58,0,5,9,33,20,53,0,0,0,36,18,56,6,4,10,36,16,57,0,0,0,48,25,67,15,17,30,155,116,269,7,10,14,178,138,322,11,3,13,26,30,48,0,5,5,38,33,69,13,0,13,40,22,55,3,3,8,57,24,82,7,4,10,25,23,46,0,0,0,32,28,58,10,5,11,31,23,55,0,3,6,43,26,67,20,0,21,53,17,71,7,0,7,75,17,95,55,13,70,174,111,280,10,8,22,240,132,371,71,10,84,230,136,368,12,4,14,317,152,468,51,3,56,217,138,359,6,3,16,271,151,422,59,5,65,245,143,394,8,8,16,314,157,468,35,14,44,190
LGA14350,34,190,183,372,218,204,419,629,647,1275,78,80,160,927,931,1858,46,47,92,133,132,263,25,17,40,199,198,393,32,37,71,116,117,234,6,22,26,156,175,326,40,46,81,130,105,239,24,15,40,192,169,358,47,34,81,114,109,225,19,9,25,175,154,327,33,33,66,122,72,197,14,7,23,166,116,289,193,195,388,610,538,1154,82,69,157,890,809,1694,31,23,61,109,101,209,14,9,18,151,134,281,38,30,70,92,89,176,14,10,24,135,127,265,45,36,78,103,94,197,7,11,16,155,132,290,48,37,81,99,77,181,17,12,24,163,131,295,39,28,65,129,109,235,10,13,17,180,141,322,200,154,347,530,469,999,50,50,101,787,669,1447,169,114,288,579,508,1092,57,62,117,813,685,1494,133,119,257,621,582,1203,46,56,103,801,763,1568,138,88,229,585,563,1145,65,62,124,781,722,1499,97,100,193,601
LGA14400,11,147,117,266,31,30,56,643,556,1201,25,14,35,692,596,1295,9,12,17,108,132,238,4,4,6,121,145,261,6,0,14,118,142,260,8,7,14,140,148,290,3,8,10,115,121,232,5,3,12,123,130,255,5,0,9,125,102,228,0,4,4,137,107,237,8,3,9,113,96,210,6,8,14,122,116,233,28,30,60,587,593,1175,18,23,46,636,639,1281,4,11,10,107,90,199,0,4,7,115,99,213,9,0,10,104,85,183,4,3,5,111,95,201,7,0,7,90,79,171,8,4,6,100,87,184,5,3,8,93,70,160,10,3,12,104,75,180,3,0,7,82,76,161,9,4,5,89,84,176,21,19,39,478,402,876,22,20,39,517,442,954,17,12,28,444,443,884,17,17,34,481,473,953,12,11,23,446,524,973,25,13,43,491,548,1040,11,19,30,566,626,1193,20,26,46,602,668,1272,9,18,24,546
LGA14500,34,1088,950,2040,12,6,26,5004,4742,9747,86,68,155,5102,4820,9922,5,5,10,1032,952,1986,19,17,31,1060,973,2032,0,0,7,960,908,1873,20,15,27,985,924,1906,0,0,5,940,945,1884,21,15,35,961,963,1921,7,0,6,881,793,1676,25,8,35,913,812,1723,0,0,0,768,746,1509,12,16,27,782,759,1541,19,17,35,4582,4348,8929,92,63,161,4692,4432,9124,6,0,7,875,769,1644,16,16,32,895,792,1684,4,0,8,780,685,1471,13,10,29,805,699,1502,0,8,4,712,670,1379,8,10,23,715,690,1409,0,0,4,623,563,1189,18,15,35,640,584,1229,3,8,6,570,545,1116,9,16,29,582,570,1149,21,17,33,3561,3233,6793,58,79,140,3642,3324,6968,18,7,26,2177,2123,4302,40,56,97,2233,2188,4419,9,0,7,2221,2566,4783,60,58,112,2285,2623,4903,4,11,15,3299,4102,7400,70,84,154,3379,4197,7569,8,13,19,4014
LGA14550,5,46,52,98,31,40,71,246,225,465,24,43,64,298,301,600,4,8,11,57,48,101,3,3,9,64,58,122,4,9,12,40,46,86,3,4,9,43,54,105,9,5,7,34,36,60,7,3,8,39,43,83,10,4,10,43,35,76,3,0,5,50,42,90,4,3,3,33,30,64,0,7,9,39,41,78,25,21,47,196,195,393,22,20,45,244,235,480,9,0,8,30,23,47,3,0,3,33,31,62,5,5,8,28,21,51,0,4,0,31,31,59,6,0,3,27,31,51,0,3,5,27,32,64,3,8,14,28,19,46,4,6,8,34,29,70,4,0,8,29,22,49,0,7,5,33,32,59,14,18,33,133,115,255,7,18,25,162,153,314,12,12,23,155,143,301,15,16,36,182,174,353,19,16,30,128,159,284,27,16,40,168,190,354,11,8,25,185,200,379,22,20,44,222,236,451,11,11,25,182
LGA14600,6,43,42,76,69,62,131,133,115,251,28,25,47,226,208,431,12,15,22,19,9,27,0,5,5,35,27,59,17,7,27,30,15,43,5,4,10,47,29,75,6,16,25,24,21,44,0,7,3,36,40,72,10,11,22,12,13,31,0,0,4,22,28,49,6,7,17,16,13,32,4,3,11,34,22,55,53,57,108,105,75,178,12,19,32,170,144,316,4,14,21,3,16,19,0,3,6,16,33,48,8,4,14,20,15,38,0,5,9,26,30,54,3,8,14,23,14,33,0,5,6,29,23,59,6,3,12,22,18,33,5,0,5,33,20,56,0,8,5,13,17,35,4,9,12,19,32,59,24,42,73,82,82,162,15,17,33,122,140,267,33,48,81,112,120,233,18,17,37,165,187,350,24,22,52,120,131,254,25,34,57,168,193,362,25,35,56,141,118,263,31,27,58,191,182,372,22,26,47,120
LGA14650,91,1372,1277,2649,710,635,1348,5894,5651,11544,243,205,452,6846,6497,13344,122,119,245,1159,1106,2265,45,31,76,1331,1258,2591,131,127,257,1146,1075,2224,49,36,91,1328,1236,2569,127,108,238,1098,1015,2112,28,44,73,1258,1167,2428,125,135,259,1074,1057,2130,36,45,78,1238,1235,2469,114,125,234,1048,946,1991,35,27,60,1202,1092,2294,623,615,1240,5532,5193,10715,197,183,381,6355,5992,12340,124,101,224,1118,1029,2146,39,45,90,1283,1176,2462,101,96,198,1107,972,2080,48,43,87,1258,1104,2359,97,111,206,1086,991,2083,42,26,74,1238,1129,2362,84,98,181,998,975,1975,34,28,67,1120,1101,2221,90,96,188,1050,927,1973,43,42,83,1180,1061,2244,504,498,1003,5369,4887,10259,209,184,394,6080,5571,11654,428,423,854,5134,5167,10304,242,207,448,5807,5801,11610,328,357,689,5417,5999,11415,236,217,446,5982,6572,12552,317,348,665,5893,6211,12100,229,232,456,6439,6790,13228,278,296,575,5558
LGA14700,11,234,237,474,6,3,11,1150,1043,2191,21,21,44,1178,1067,2245,3,0,3,225,181,407,0,0,4,230,186,411,0,0,0,228,203,429,3,3,6,234,211,443,0,0,0,218,195,417,9,4,9,224,206,427,3,0,5,217,168,380,5,6,10,218,169,391,0,0,0,166,162,323,5,10,10,167,170,338,6,4,8,1046,916,1970,19,21,37,1074,940,2017,0,0,5,197,125,318,8,5,4,203,130,332,5,0,5,203,152,356,5,5,4,212,153,363,0,4,5,196,171,368,4,6,14,204,175,379,0,4,0,234,202,437,9,4,6,241,206,442,0,6,7,211,213,424,4,0,10,222,219,438,8,8,15,1044,860,1901,24,18,44,1081,886,1963,20,9,31,1356,1388,2743,51,50,101,1421,1448,2875,0,4,8,1635,1782,3418,67,68,139,1705,1857,3567,8,4,12,1721,1832,3556,72,75,149,1805,1911,3716,3,3,6,1506
LGA14750,12,101,104,209,61,60,121,393,350,737,33,24,58,478,436,920,9,13,20,100,107,203,0,5,14,108,128,234,9,6,12,90,98,191,10,0,10,102,110,211,10,11,18,79,76,155,4,4,6,94,94,186,0,13,20,61,58,118,4,0,7,67,73,146,10,8,14,69,38,101,5,13,12,75,53,130,31,53,82,395,375,773,24,28,59,453,458,909,6,13,12,56,56,113,7,6,12,67,70,139,7,10,19,40,37,74,7,9,10,54,54,108,5,9,13,57,50,107,16,9,23,70,68,139,4,5,9,45,44,92,6,9,10,54,52,110,0,8,11,52,52,105,5,0,12,64,58,123,27,39,65,251,238,490,34,29,69,312,308,618,24,24,47,258,284,544,28,24,53,311,333,643,26,27,51,305,297,601,37,33,67,369,355,719,21,11,34,278,287,561,28,33,62,320,336,654,12,18,30,240
LGA14850,58,320,296,618,165,141,300,1222,1140,2369,122,115,232,1516,1393,2904,27,39,65,259,201,463,23,28,49,308,265,577,35,27,58,227,192,422,13,13,29,283,229,505,37,34,76,238,238,478,9,19,29,290,293,583,17,24,37,221,210,430,26,26,48,270,249,519,18,18,36,202,182,385,21,27,45,241,226,474,148,129,279,1154,1025,2177,95,108,201,1393,1262,2657,28,19,49,213,180,390,21,22,44,260,225,484,18,23,41,206,173,379,25,25,51,246,221,468,22,23,47,183,212,398,15,18,35,215,250,469,20,24,44,176,191,363,16,12,30,214,224,434,21,24,52,199,154,346,17,10,30,238,192,422,113,111,227,972,904,1878,89,90,183,1172,1107,2285,80,95,174,990,1008,1996,107,107,205,1174,1201,2376,75,61,134,997,1067,2065,81,95,178,1151,1224,2375,59,83,138,1048,1159,2209,84,99,184,1190,1336,2529,61,75,136,1093
LGA14870,20,157,119,274,94,85,184,510,475,983,50,62,105,657,615,1277,23,8,29,95,93,188,9,4,16,122,106,231,16,13,30,98,97,193,10,7,20,120,122,236,10,13,26,101,80,179,6,6,10,119,98,216,10,8,23,94,83,180,8,7,12,118,99,217,22,14,33,81,65,147,18,4,21,123,81,202,77,60,139,475,418,891,47,30,73,600,502,1104,14,8,24,97,76,175,4,7,14,117,99,214,15,9,27,106,74,177,9,4,10,133,81,217,9,10,20,68,70,142,3,4,3,81,86,166,16,8,24,74,90,167,4,3,10,97,105,197,9,9,25,99,69,169,15,4,21,126,80,209,72,48,121,454,379,828,35,24,60,560,450,1010,69,54,125,476,429,903,45,21,72,596,505,1098,65,50,118,480,490,971,43,49,86,585,587,1174,47,37,83,481,467,944,45,26,73,575,528,1101,47,33,81,441
LGA14900,138,1784,1691,3475,224,210,440,8037,7864,15906,476,413,895,8741,8494,17236,48,39,86,1513,1459,2974,95,74,170,1653,1570,3223,38,33,76,1581,1433,3014,75,80,157,1695,1554,3247,32,39,67,1649,1398,3043,87,62,154,1772,1498,3264,38,54,90,1521,1488,3006,105,74,178,1659,1624,3285,40,38,75,1502,1453,2955,90,74,164,1635,1561,3197,202,198,397,7758,7240,14991,448,374,824,8408,7810,16212,36,51,85,1591,1452,3042,89,88,180,1722,1591,3309,35,48,82,1628,1511,3141,93,61,154,1761,1620,3386,38,29,65,1549,1425,2973,90,81,169,1674,1533,3208,35,32,62,1532,1499,3032,105,94,207,1671,1630,3296,22,24,51,1566,1509,3074,91,67,158,1680,1595,3285,166,177,347,7870,7403,15266,468,396,868,8508,7977,16481,157,167,321,7448,7626,15072,512,516,1035,8115,8307,16425,99,125,227,7469,8370,15838,468,496,964,8038,8991,17030,88,121,211,8093,8544,16635,531,503,1033,8716,9162,17880,82,102,184,7403
LGA14920,14,60,54,123,56,70,121,170,148,317,37,17,54,255,241,495,14,11,21,28,27,49,5,0,11,43,35,79,9,12,24,27,33,57,7,10,11,42,53,94,10,11,21,27,36,64,5,11,13,39,59,98,11,10,19,33,23,58,4,0,8,49,35,85,13,6,20,22,30,56,9,4,16,44,43,87,56,48,103,147,141,287,26,29,56,225,218,446,16,13,24,27,18,41,0,4,6,40,32,73,4,0,5,19,22,40,4,0,4,28,27,56,3,12,19,29,14,39,3,8,8,37,37,75,4,7,6,22,30,47,4,6,7,28,34,63,5,3,13,21,27,43,0,4,4,31,33,63,36,40,75,112,106,215,16,21,37,162,163,330,33,27,61,122,107,224,16,21,35,167,154,318,24,37,57,131,147,277,27,22,44,183,206,386,27,18,52,150,179,324,25,19,39,203,214,415,23,18,44,135
LGA14950,4,26,24,48,17,14,23,94,104,198,11,11,20,114,124,242,0,0,0,9,20,27,0,5,5,7,22,31,0,3,3,17,18,35,5,0,10,22,21,45,0,4,4,18,13,35,3,0,3,22,16,40,0,3,7,20,19,38,0,0,0,20,23,44,0,0,0,20,15,31,0,5,3,27,17,43,3,9,15,75,89,165,12,10,25,92,103,199,0,6,3,11,17,29,0,0,0,14,18,32,0,0,0,12,13,21,0,0,0,9,13,20,3,0,4,12,10,26,0,4,3,21,14,35,0,0,0,10,11,19,3,0,0,13,14,22,0,4,4,12,7,21,4,0,4,14,11,28,9,12,18,61,48,108,6,9,13,73,67,136,4,3,9,49,72,117,5,4,6,59,77,130,0,0,6,58,67,119,3,4,7,63,73,131,0,0,6,56,84,135,7,4,13,66,89,156,0,0,4,71
LGA15050,51,707,638,1346,443,414,859,2772,2589,5364,142,120,260,3351,3120,6480,72,90,164,508,524,1036,19,21,36,596,630,1233,91,84,174,467,464,924,14,13,35,573,560,1132,63,65,128,462,477,939,21,20,40,549,561,1108,69,60,128,462,408,875,20,12,35,559,485,1038,52,53,103,486,431,920,12,17,28,547,504,1055,344,353,696,2391,2307,4694,95,86,181,2830,2739,5568,57,56,112,481,432,914,20,24,47,560,515,1072,52,91,142,462,460,920,25,22,47,535,565,1102,49,55,101,471,518,987,19,10,36,542,585,1123,45,52,96,473,467,939,11,19,36,532,537,1065,39,52,93,491,481,970,19,20,36,552,550,1100,244,299,546,2370,2351,4724,99,94,199,2720,2755,5471,216,253,476,2666,2861,5525,119,111,222,3000,3223,6223,208,260,474,2899,3096,5993,151,103,255,3253,3465,6722,155,224,382,2736,2952,5682,128,117,250,3025,3293,6313,157,149,305,2559
LGA15240,87,592,542,1137,427,437,865,2148,1989,4132,202,203,404,2782,2623,5408,70,68,142,408,363,767,40,32,74,520,462,991,84,69,150,412,379,793,40,34,71,537,479,1018,79,88,165,406,371,781,27,34,61,512,491,1008,49,65,112,365,338,701,32,28,67,442,434,877,57,64,120,325,284,607,26,26,53,407,375,781,335,354,687,1917,1739,3654,167,154,323,2417,2252,4668,60,57,111,295,276,570,37,29,62,389,358,750,45,41,84,272,271,543,31,19,56,350,328,681,61,36,94,329,284,608,23,28,53,410,342,756,47,37,86,280,247,523,21,22,40,350,305,652,47,34,85,264,232,491,21,18,42,329,286,614,255,200,458,1444,1299,2740,134,120,258,1835,1618,3453,210,214,423,1415,1569,2980,130,138,272,1756,1917,3673,185,223,405,1541,1705,3244,129,150,277,1847,2079,3929,169,171,336,1636,1851,3490,142,138,277,1947,2159,4102,157,144,302,1725
LGA15270,28,172,175,346,105,98,205,724,664,1390,85,70,154,916,832,1752,20,19,38,142,141,280,8,15,17,168,170,338,18,12,36,126,107,239,9,10,23,163,134,298,25,8,38,132,96,230,15,5,23,173,115,290,20,14,35,115,109,219,15,3,17,146,122,268,18,15,37,101,85,186,14,4,23,136,106,242,98,81,179,620,532,1156,62,40,105,783,655,1438,16,9,21,90,89,175,8,9,15,110,109,211,14,17,30,101,74,178,11,9,15,125,98,220,8,15,24,112,67,182,10,4,14,134,94,224,10,13,24,102,82,185,11,4,9,124,99,221,4,15,17,86,100,184,0,8,10,88,119,214,53,65,118,492,419,906,34,33,70,579,515,1092,63,65,122,553,617,1176,48,42,91,666,721,1389,39,54,94,681,676,1356,55,51,107,774,782,1558,45,38,88,675,672,1347,65,48,114,785,757,1545,29,42,68,600
LGA15300,29,86,64,151,120,138,262,222,204,421,94,97,192,438,433,870,26,30,55,31,32,64,10,11,16,69,69,138,14,21,39,40,22,62,7,16,28,61,60,119,14,19,31,35,34,72,12,18,29,60,70,135,19,22,40,31,39,73,20,12,35,67,79,143,22,23,44,28,36,64,13,20,34,70,78,150,95,111,203,168,165,338,56,80,142,326,352,678,28,12,42,38,40,72,20,7,27,78,57,137,13,15,28,37,46,82,20,21,41,67,75,145,18,19,37,52,49,98,21,21,39,87,94,176,16,18,33,44,48,87,29,13,43,87,80,168,9,26,34,51,48,101,14,25,37,79,100,172,80,88,175,216,227,443,92,90,184,390,401,795,83,114,188,267,262,533,82,81,157,428,451,880,64,72,144,246,257,503,90,85,178,403,411,820,60,68,131,205,238,442,82,84,169,348,389,738,58,85,148,216
LGA15350,10,215,175,386,0,3,9,919,886,1808,31,29,57,949,917,1871,0,0,0,159,156,319,8,0,6,169,161,326,0,0,3,175,154,331,0,9,12,184,160,344,4,0,4,181,172,347,4,5,9,186,175,361,0,0,0,135,145,285,3,3,10,146,156,295,0,0,0,139,149,287,4,10,11,142,155,300,9,0,10,786,772,1558,25,29,49,823,800,1619,0,0,0,144,140,286,14,3,17,157,148,302,4,0,4,116,113,232,8,4,12,129,118,248,0,0,0,125,144,271,3,0,4,131,147,279,0,3,9,102,134,234,3,3,9,105,140,246,0,0,0,123,138,262,3,0,4,129,141,270,6,5,10,617,677,1290,24,17,43,644,696,1346,4,3,7,575,690,1267,17,17,37,596,713,1313,0,3,5,725,853,1578,19,24,43,743,882,1625,6,4,7,787,971,1758,23,32,54,807,1004,1814,0,0,0,795
LGA15520,5,84,86,172,38,45,78,325,332,655,28,24,60,394,408,798,9,3,13,65,52,115,9,3,5,78,60,136,6,7,11,67,63,131,3,0,7,77,70,147,6,5,14,67,46,111,5,5,12,78,57,136,0,4,6,53,67,113,7,0,8,58,71,130,4,5,11,45,34,82,5,0,8,53,46,102,23,31,49,290,263,555,28,11,42,340,305,643,6,7,10,54,39,91,6,4,11,61,49,109,4,0,6,40,42,80,6,0,6,45,45,90,0,0,0,36,33,72,3,3,3,42,36,78,0,7,5,31,33,62,4,3,8,35,44,76,0,0,6,49,38,82,3,3,6,51,44,94,11,15,25,205,184,389,17,10,28,232,210,449,14,9,21,238,238,470,20,27,49,268,270,544,17,12,24,265,298,565,33,32,58,310,334,645,16,16,28,255,315,572,25,23,49,297,353,649,13,7,19,283
LGA15560,7,22,21,43,12,19,26,77,79,149,11,14,25,99,105,205,0,9,9,14,10,26,0,3,3,17,22,34,0,3,3,14,3,22,0,4,4,17,13,28,4,3,5,16,15,31,0,3,3,20,18,39,4,3,4,16,15,29,0,0,0,15,13,28,3,0,7,15,11,26,4,0,3,18,14,34,14,15,29,74,54,125,0,10,12,89,79,168,3,0,6,8,11,26,0,0,3,15,19,32,0,0,0,18,14,33,0,0,4,26,19,40,0,0,0,20,12,27,0,0,0,20,13,30,6,0,6,19,13,26,0,3,3,21,19,32,0,3,7,11,16,26,0,0,0,14,18,35,7,8,16,75,62,136,7,11,17,89,85,171,7,8,14,77,65,143,11,7,20,101,75,178,16,12,24,101,86,190,9,9,14,127,103,230,9,8,17,64,67,134,9,6,16,81,84,166,9,5,18,83
LGA15650,16,143,106,251,120,97,217,468,437,906,44,40,83,629,570,1200,27,15,37,98,97,193,3,9,19,129,119,251,22,17,44,94,74,172,5,6,14,130,100,227,26,20,47,70,76,147,4,3,9,103,104,206,21,12,33,75,77,152,15,7,16,110,92,207,16,11,31,70,64,133,6,3,12,97,82,175,115,77,188,408,392,799,40,31,67,560,490,1053,10,10,20,67,56,128,3,0,4,81,68,152,14,7,20,71,62,128,9,8,17,90,80,166,11,25,32,67,68,135,4,5,6,87,90,174,12,17,26,82,64,141,4,4,9,96,81,174,17,9,30,80,73,156,9,10,18,109,95,203,64,62,129,374,318,692,23,20,47,464,404,870,76,78,159,446,466,910,42,25,68,559,575,1130,80,72,149,484,449,935,53,40,89,618,558,1174,56,67,122,461,438,900,31,30,59,549,533,1080,44,38,81,462
LGA15700,18,128,140,261,98,88,185,451,457,912,60,55,118,613,602,1208,19,22,41,94,89,185,9,7,21,126,117,241,20,16,31,100,70,165,10,9,19,127,92,222,14,24,38,93,94,189,10,15,26,124,130,253,13,13,25,76,65,143,9,12,16,95,91,188,13,13,32,63,67,131,8,5,12,91,82,168,85,85,172,433,376,811,45,47,91,565,510,1071,19,14,34,60,51,112,3,7,15,83,72,158,6,11,24,44,45,93,8,7,10,66,66,129,9,7,13,61,46,112,7,4,14,82,60,137,17,12,27,58,44,100,5,4,9,76,61,134,10,7,17,59,52,109,6,9,17,72,66,141,63,54,114,282,241,520,38,30,65,376,328,705,60,58,115,328,324,648,29,40,70,413,423,834,44,41,87,304,377,680,39,40,73,387,457,839,34,31,69,360,412,768,30,44,73,422,485,910,26,36,71,355
LGA15750,8,66,73,139,113,118,238,293,278,571,54,49,100,463,450,910,25,30,54,52,47,102,11,0,14,84,80,168,12,17,32,47,33,82,0,4,6,63,59,119,14,32,45,47,59,106,7,10,16,71,96,168,12,11,21,35,43,77,10,3,8,55,55,113,19,12,27,42,33,82,0,15,17,67,56,121,86,100,181,225,220,443,30,31,66,338,348,690,10,17,26,42,46,88,11,11,14,62,73,132,16,6,28,58,39,98,14,9,23,89,59,149,27,12,40,58,47,102,9,7,13,90,62,151,16,5,29,50,54,104,6,7,9,71,63,140,5,13,23,54,42,97,12,8,17,77,65,141,77,68,143,264,228,490,44,39,79,385,324,714,57,58,119,282,301,580,36,41,73,379,391,766,51,70,118,294,294,591,39,47,82,387,406,796,39,52,91,271,273,537,43,29,73,352,351,706,41,45,88,272
LGA15800,5,29,38,72,48,45,93,122,152,269,33,31,60,203,224,425,7,3,12,29,31,61,9,9,14,48,39,87,7,14,19,21,25,41,3,4,4,27,34,67,7,5,14,21,16,42,5,0,5,34,30,64,3,0,6,22,26,48,3,7,13,29,36,65,8,0,10,10,19,29,3,0,3,16,23,40,32,26,57,108,111,221,16,14,34,160,157,317,8,10,12,18,6,29,8,5,9,27,21,47,5,6,11,13,13,31,0,4,4,23,28,48,9,4,10,24,16,36,0,0,0,30,18,50,3,9,7,20,17,39,0,0,0,30,24,52,10,4,16,7,25,32,3,5,6,28,26,53,31,23,54,90,74,171,11,13,29,136,114,252,24,27,53,107,104,210,13,12,28,147,147,293,20,12,26,108,97,207,11,6,19,139,119,256,21,19,39,103,138,241,13,16,33,143,173,315,23,27,42,116
LGA15850,18,60,39,96,84,92,172,144,92,236,44,30,78,276,217,485,16,10,26,18,14,33,12,0,5,46,24,66,15,9,23,24,26,48,8,0,6,42,37,82,5,17,21,26,31,52,5,9,6,41,46,88,14,10,21,21,22,43,0,0,8,39,31,67,13,6,20,17,20,36,8,9,14,35,38,69,65,47,110,108,107,218,26,22,49,199,174,370,11,13,23,22,17,38,5,0,6,38,27,64,7,16,26,14,12,27,3,4,11,28,32,61,10,7,12,17,19,34,6,0,9,31,25,55,6,9,20,12,22,29,0,3,4,26,27,55,10,12,18,25,15,41,7,0,7,38,32,71,48,52,99,85,79,166,18,18,34,152,150,301,41,50,87,105,99,209,17,29,50,168,176,347,25,37,60,127,136,259,21,30,48,171,200,372,43,32,76,113,118,231,28,26,55,183,183,367,27,40,64,96
LGA15900,63,891,897,1791,358,379,736,4185,4016,8202,171,145,316,4716,4536,9254,62,61,118,840,805,1645,32,26,52,929,889,1821,77,51,129,784,748,1537,35,30,56,892,829,1726,64,66,137,758,727,1488,35,29,66,858,822,1685,77,82,159,855,878,1728,42,67,109,977,1027,2004,77,77,158,1054,1077,2129,89,109,199,1223,1260,2485,358,341,699,4299,4240,8539,227,258,485,4882,4839,9722,79,100,179,1199,1177,2376,118,98,210,1394,1373,2764,99,84,187,1232,1403,2626,83,78,157,1409,1563,2972,70,66,138,1293,1294,2589,69,59,130,1432,1419,2851,90,98,180,1350,1283,2635,73,50,127,1512,1431,2942,67,67,137,1269,1380,2646,57,52,108,1398,1501,2893,407,413,818,6340,6537,12876,394,337,733,7136,7288,14428,347,352,704,6399,6365,12758,318,276,586,7061,6993,14054,291,307,599,5938,5840,11778,288,227,516,6518,6369,12883,229,215,442,5336,5386,10717,245,203,448,5809,5800,11609,156,173,327,4675
LGA15950,17,222,220,447,4,7,5,1171,1170,2339,37,40,78,1207,1216,2421,0,4,5,238,209,450,0,5,7,244,221,463,0,0,0,206,186,391,5,14,19,206,203,413,0,3,7,203,199,396,4,8,11,213,210,418,4,0,0,220,176,394,3,8,7,226,184,414,4,4,5,204,212,414,12,11,19,215,226,444,7,17,19,1068,978,2048,27,49,73,1103,1041,2145,0,0,4,216,202,420,12,3,23,234,211,445,0,5,5,236,281,520,8,14,18,245,301,544,4,3,3,267,297,564,12,9,19,286,310,586,0,0,7,350,424,778,7,23,26,362,448,810,4,0,3,426,526,945,14,11,23,445,533,979,10,14,21,1494,1729,3222,63,55,117,1567,1800,3361,30,16,45,2856,3490,6351,116,134,253,3005,3642,6650,13,25,39,3591,4072,7659,150,153,307,3757,4243,8002,13,11,19,3175,3439,6615,120,120,243,3302,3575,6876,10,7,11,2514
LGA15990,87,1921,1815,3734,90,64,152,9110,8579,17685,224,219,442,9430,8862,18291,16,13,25,1763,1637,3401,49,29,81,1827,1680,3511,19,16,38,1657,1596,3253,44,39,77,1715,1652,3368,19,20,47,1655,1575,3229,48,38,90,1722,1643,3365,21,18,37,1601,1397,2994,42,44,86,1657,1453,3116,19,16,35,1471,1331,2803,34,36,72,1526,1383,2905,97,83,185,8142,7536,15680,215,193,410,8455,7811,16263,18,16,35,1480,1249,2733,42,31,75,1545,1294,2839,13,16,21,1462,1347,2809,41,38,83,1518,1396,2918,20,16,35,1378,1304,2679,33,36,70,1430,1352,2778,18,19,32,1357,1205,2557,31,33,69,1401,1255,2665,16,7,28,1230,1217,2444,37,37,75,1283,1263,2548,83,66,149,6904,6315,13222,193,183,371,7175,6568,13740,56,58,114,6282,6412,12692,203,265,468,6548,6729,13280,56,57,110,7159,7808,14968,274,258,525,7483,8120,15599,48,43,94,7704,8758,16463,263,260,528,8021,9060,17078,40,41,84,8643
LGA16100,11,42,37,80,20,9,31,146,145,290,25,24,48,188,179,371,0,0,0,25,17,42,4,6,4,33,18,48,4,4,8,22,19,36,5,0,5,29,18,49,4,0,3,31,21,51,3,4,7,39,28,67,4,4,5,22,13,33,0,3,3,23,24,44,5,4,6,26,30,52,4,6,7,28,37,69,10,11,25,117,104,219,20,6,29,144,126,270,3,0,3,19,16,37,5,4,4,24,14,42,0,0,5,31,12,45,6,0,7,33,18,53,3,0,0,26,18,50,3,9,6,34,24,58,3,6,8,29,17,39,5,6,12,34,26,60,0,0,4,17,18,31,0,0,3,17,14,39,12,8,22,123,84,201,16,13,32,145,105,254,7,7,14,119,104,219,16,11,28,142,115,258,11,8,12,116,118,233,17,13,33,134,139,280,5,5,8,142,106,252,28,19,43,176,123,298,8,4,10,128
LGA16150,33,346,332,678,230,210,439,1334,1263,2593,77,75,151,1647,1547,3192,41,41,85,268,223,488,6,7,20,319,270,587,31,35,68,252,247,503,23,23,45,307,307,617,34,36,70,260,220,471,14,6,19,306,265,569,35,30,70,217,176,397,6,11,18,261,224,485,24,34,59,169,168,333,7,7,18,203,206,414,168,178,353,1158,1032,2192,65,57,120,1395,1274,2662,40,30,73,197,166,361,23,9,27,258,206,463,31,23,55,164,209,378,13,13,32,208,254,463,26,31,57,170,170,340,9,17,23,201,214,415,21,37,63,197,204,402,21,13,29,240,250,490,28,28,56,232,251,486,16,20,31,286,290,571,152,148,299,966,1004,1965,78,62,144,1198,1209,2407,113,143,253,1154,1329,2483,70,85,152,1335,1563,2894,100,113,209,1262,1364,2626,84,77,160,1449,1552,2999,79,95,171,1250,1386,2637,72,84,155,1402,1565,2966,69,77,139,1055
LGA16200,13,113,93,206,115,102,218,379,389,770,35,36,68,527,527,1056,25,18,44,70,69,138,8,9,19,101,98,201,20,13,41,70,59,125,12,13,23,98,86,192,24,14,36,60,60,124,13,3,20,96,85,181,25,18,42,54,60,115,10,4,17,93,78,168,12,12,24,52,52,104,3,10,16,71,70,144,106,73,176,307,302,606,50,40,88,464,413,875,24,13,42,59,52,103,5,5,13,81,69,157,14,15,28,56,55,109,12,0,12,72,79,150,12,16,25,57,64,119,5,4,7,72,81,154,8,27,38,62,48,110,5,7,10,76,79,154,13,15,33,61,71,130,4,4,11,82,87,165,70,86,157,288,292,577,31,23,51,386,401,788,55,75,133,326,298,625,38,19,58,421,395,814,43,55,96,334,315,656,36,31,68,412,400,813,38,46,86,298,357,650,23,36,58,354,441,791,40,38,84,320
LGA16260,102,1291,1238,2527,69,78,147,6892,6417,13307,263,252,511,7223,6740,13966,17,13,35,1147,1093,2238,43,38,79,1206,1146,2346,12,9,24,1180,1030,2206,45,37,80,1234,1077,2309,14,19,35,1141,1064,2203,30,38,68,1188,1121,2307,12,11,27,1128,989,2119,38,31,66,1180,1037,2211,29,28,53,1114,1119,2229,36,45,73,1173,1187,2359,85,88,175,5701,5292,10994,191,186,376,5981,5564,11542,19,17,38,1317,1220,2538,54,44,98,1392,1283,2676,17,18,35,1710,1397,3099,77,62,141,1800,1473,3279,30,24,53,1648,1519,3167,73,64,142,1749,1607,3359,28,24,48,1757,1697,3448,92,95,187,1872,1809,3677,25,22,45,1972,1782,3754,101,100,204,2099,1906,4004,115,105,217,8394,7612,16009,400,366,764,8917,8082,16999,150,99,252,11160,10782,21942,624,589,1215,11940,11475,23419,115,73,189,12421,12692,25111,659,552,1213,13195,13318,26515,95,66,165,12817,12123,24944,560,514,1077,13479,12710,26187,77,51,127,9622
LGA16350,145,1509,1394,2901,599,565,1160,6625,6302,12921,396,390,787,7615,7254,14869,118,93,212,1185,1191,2376,59,59,120,1360,1351,2706,122,88,210,1247,1160,2401,82,39,123,1453,1287,2735,142,104,244,1180,1133,2316,68,49,119,1390,1292,2680,96,106,204,1205,1161,2363,74,60,137,1374,1332,2706,109,102,205,1159,1185,2343,66,82,145,1336,1363,2697,583,491,1077,5967,5829,11799,350,298,645,6908,6619,13523,106,103,210,1304,1155,2455,85,91,172,1490,1347,2840,121,105,221,1266,1242,2509,66,82,146,1450,1431,2875,115,132,248,1303,1259,2557,65,81,148,1485,1472,2951,116,127,240,1373,1310,2679,100,71,169,1583,1510,3093,103,92,197,1340,1324,2666,77,78,158,1530,1500,3025,556,563,1119,6581,6289,12872,402,398,799,7540,7253,14793,456,516,968,7017,7268,14288,457,475,938,7933,8256,16191,383,386,767,7204,7925,15135,414,473,890,8004,8788,16790,290,332,616,7580,7874,15457,388,441,830,8260,8645,16905,237,267,511,6817
LGA16380,49,560,529,1087,300,271,573,2327,2199,4525,112,114,222,2739,2586,5324,66,62,123,462,450,906,30,18,47,556,530,1081,52,51,101,453,426,882,21,9,33,527,490,1016,57,48,110,418,420,834,31,18,48,502,483,983,51,34,88,435,408,836,25,15,39,509,462,967,46,37,88,339,417,762,20,23,41,413,481,892,275,232,506,2107,2114,4219,123,93,213,2504,2437,4938,43,40,90,350,346,692,18,16,35,411,408,815,36,39,73,362,406,771,28,14,46,429,460,884,32,28,65,295,307,602,17,14,31,349,347,689,29,36,62,286,344,633,20,24,45,331,400,732,39,45,84,314,299,612,16,20,43,377,361,735,180,185,369,1613,1696,3303,109,86,191,1899,1967,3865,138,163,293,1574,1659,3231,104,97,206,1813,1920,3735,124,136,255,1615,1859,3466,97,84,179,1828,2078,3902,119,129,245,1763,2026,3794,118,95,217,2003,2250,4255,91,97,186,1912
LGA16400,42,525,501,1028,324,282,606,2068,1978,4043,106,89,193,2492,2347,4844,74,59,136,420,390,811,24,21,46,525,476,998,62,62,119,388,355,739,16,15,35,465,435,897,41,52,94,365,327,694,14,17,27,422,394,816,51,44,92,408,316,723,28,10,36,486,371,853,43,34,73,342,338,680,15,14,25,398,386,786,269,247,519,1922,1730,3653,97,80,176,2295,2056,4347,45,39,86,330,313,645,21,16,35,399,370,771,41,33,74,330,311,644,16,13,26,387,359,748,49,37,84,306,299,605,10,14,19,359,348,707,31,31,68,312,295,599,22,18,40,364,346,707,37,30,63,293,251,549,16,23,43,351,308,652,207,171,385,1569,1472,3039,82,84,169,1860,1730,3589,178,166,338,1433,1431,2867,84,71,154,1687,1671,3357,142,145,285,1547,1677,3226,103,72,179,1796,1893,3692,112,129,236,1728,1810,3537,87,74,159,1925,2010,3939,100,105,206,1683
LGA16490,34,412,393,803,120,99,225,1895,1717,3614,90,89,175,2106,1908,4018,24,24,49,332,322,649,8,15,24,365,361,726,24,18,40,365,326,693,13,14,21,396,358,753,27,28,62,317,283,601,12,12,28,365,323,689,28,16,39,296,281,582,23,13,32,342,309,652,17,20,36,292,258,554,14,13,22,322,292,610,121,107,223,1605,1472,3078,63,61,129,1786,1640,3427,19,23,37,313,278,589,11,15,21,340,310,649,18,23,43,279,277,560,14,19,27,317,319,630,24,17,43,354,298,653,23,18,37,404,336,736,24,23,42,311,311,620,15,14,30,344,353,700,21,6,31,335,293,627,13,11,24,370,320,690,112,93,198,1590,1465,3055,72,71,147,1771,1631,3400,86,89,171,1837,2006,3847,128,125,250,2045,2219,4265,63,90,153,2325,2363,4692,137,99,239,2528,2556,5082,52,75,129,2260,2198,4452,110,103,218,2427,2377,4799,48,58,108,1895
LGA16550,41,672,668,1341,105,106,212,3264,3154,6413,126,111,237,3496,3372,6868,25,12,37,600,562,1162,21,10,37,641,588,1230,22,19,45,580,577,1164,26,21,47,630,615,1247,19,25,39,608,551,1160,22,27,50,647,596,1241,27,25,53,657,620,1282,40,25,64,721,671,1394,19,20,41,736,691,1428,42,46,90,797,752,1553,117,98,210,3174,3007,6182,153,129,283,3445,3229,6677,24,26,47,848,782,1630,63,46,106,934,851,1789,21,33,53,841,821,1659,68,55,117,921,906,1829,29,20,48,848,881,1725,52,53,104,928,952,1878,24,18,46,880,888,1767,54,53,109,959,956,1919,25,32,53,944,990,1929,49,51,98,1012,1067,2078,123,127,247,4354,4356,8713,287,252,532,4763,4733,9497,131,84,212,5353,5946,11302,330,339,665,5819,6365,12182,91,84,174,5631,6000,11631,302,283,584,6025,6362,12393,60,73,134,4937,5176,10112,247,241,485,5246,5487,10734,79,60,138,4412
LGA16610,28,168,166,332,110,108,220,620,614,1235,108,71,176,838,795,1629,27,8,37,114,120,235,13,15,31,151,150,304,25,21,36,109,104,210,20,17,30,145,141,284,21,20,45,116,91,209,17,8,25,154,122,273,21,9,28,113,90,201,14,13,24,139,112,252,16,20,39,94,100,197,6,10,23,123,135,251,98,80,181,543,501,1045,72,66,135,711,649,1363,8,19,29,87,88,174,18,13,31,115,117,228,20,15,32,88,87,179,12,16,28,117,121,236,18,6,20,99,98,194,10,12,27,121,114,237,20,12,34,91,94,183,21,11,28,123,126,249,12,14,30,97,101,202,12,10,20,127,129,256,73,73,141,462,473,937,73,61,135,609,604,1209,56,71,119,457,440,902,48,51,98,558,567,1121,56,54,106,451,497,948,50,71,123,555,624,1172,46,46,89,423,479,896,78,58,131,545,577,1120,40,53,88,465
LGA16700,37,648,554,1199,32,26,58,3170,2886,6059,101,71,164,3299,2981,6283,9,4,10,574,516,1093,15,15,30,595,539,1130,4,5,7,590,533,1126,13,18,32,606,554,1160,5,5,8,558,490,1047,13,10,22,574,504,1074,3,14,18,605,551,1161,23,19,40,629,588,1221,8,20,29,625,614,1242,19,20,37,652,654,1304,26,48,75,2958,2704,5661,73,86,155,3061,2832,5895,9,5,16,741,718,1456,19,37,54,768,763,1530,8,7,11,802,785,1584,36,28,61,844,817,1665,10,9,15,826,769,1599,32,21,47,864,797,1661,10,3,12,892,860,1752,29,31,58,929,900,1825,9,8,21,945,898,1841,35,37,74,990,942,1932,45,37,74,4202,4032,8234,142,156,301,4391,4217,8607,30,29,58,5072,5365,10436,223,221,451,5330,5612,10938,18,29,46,6020,6292,12308,206,220,430,6248,6540,12783,21,17,39,5679,5780,11457,206,201,409,5909,6004,11908,17,19,35,4480
LGA16900,49,522,441,963,235,223,459,2320,2132,4449,132,118,253,2687,2477,5161,56,39,95,431,444,875,14,11,27,506,490,992,43,57,96,410,414,818,24,14,38,469,479,949,46,34,81,456,407,866,17,26,45,518,473,989,50,30,78,362,391,756,15,14,30,430,433,864,42,41,80,444,447,892,26,16,39,506,509,1013,232,202,432,2104,2102,4208,92,83,175,2429,2387,4813,38,34,72,439,385,825,19,26,38,493,440,935,31,41,75,424,410,834,22,14,37,477,465,941,34,48,80,417,400,815,18,18,38,466,463,933,39,26,68,386,390,773,18,17,33,441,427,879,21,39,63,400,413,814,17,16,29,439,469,906,168,185,357,2061,1997,4061,96,85,175,2325,2269,4593,125,158,285,2117,2206,4319,95,88,184,2335,2453,4787,121,130,253,2077,2284,4365,84,103,185,2282,2522,4799,78,91,174,2142,2290,4433,92,92,183,2310,2475,4785,64,89,158,2060
LGA16950,82,648,599,1243,367,427,797,2483,2361,4845,239,176,418,3088,2968,6050,71,77,149,511,485,1001,49,48,97,630,607,1240,60,57,120,509,416,927,50,36,84,612,511,1129,60,59,121,462,464,926,43,37,80,571,555,1128,60,59,120,408,379,791,30,44,67,499,477,982,56,62,123,444,356,796,42,26,72,544,443,984,315,311,625,2337,2103,4437,215,185,404,2859,2598,5461,73,46,121,391,354,747,31,27,60,497,426,928,72,55,123,380,349,731,30,32,54,479,433,908,60,45,102,412,366,780,36,27,62,515,436,950,68,43,117,412,392,805,30,25,57,510,470,981,56,53,111,420,399,822,31,32,61,510,482,995,338,241,574,2024,1861,3886,156,138,297,2514,2248,4756,264,213,467,2301,2246,4549,182,165,344,2744,2620,5362,242,212,455,2407,2457,4861,177,174,351,2828,2845,5669,178,192,369,2441,2496,4934,175,192,361,2790,2878,5665,154,160,312,2398
LGA17000,19,185,170,356,129,130,259,729,696,1423,49,42,96,906,876,1782,27,26,51,136,125,257,9,7,18,176,158,331,18,17,36,111,133,244,6,13,24,133,166,303,44,19,61,146,119,263,11,16,25,198,153,351,24,12,41,188,114,301,38,6,40,248,128,381,26,15,45,193,106,299,26,4,31,250,127,376,139,96,233,772,597,1367,98,50,139,1011,740,1746,15,22,38,146,125,270,27,3,33,189,149,337,19,17,31,155,97,250,29,9,32,197,120,318,15,17,28,128,110,238,12,4,18,161,127,284,6,17,23,154,107,261,22,3,27,189,129,318,12,18,31,136,99,237,16,4,22,164,122,285,68,90,153,718,531,1251,114,30,142,897,645,1545,60,69,132,699,628,1334,68,36,109,835,737,1572,62,75,145,711,709,1412,53,39,88,820,825,1647,53,51,104,652,719,1368,49,36,86,754,808,1564,57,52,102,648
LGA17040,20,148,125,273,49,30,81,654,570,1220,55,37,94,756,638,1390,7,4,11,129,104,229,9,9,18,141,118,256,9,4,12,111,114,228,9,12,24,130,136,261,6,6,13,126,104,228,8,8,16,136,122,255,3,0,10,95,96,194,4,9,12,111,107,219,6,3,11,97,89,181,11,6,20,109,99,210,35,27,56,550,509,1058,40,47,85,625,576,1200,3,0,3,89,96,182,13,9,17,105,101,206,4,9,12,100,93,198,11,13,24,115,113,229,11,5,18,110,87,202,12,6,17,129,101,226,4,6,16,93,106,199,13,3,20,107,119,232,6,6,11,139,98,238,6,9,11,148,109,260,32,27,58,525,486,1010,46,40,87,599,552,1152,40,17,57,685,596,1282,62,56,120,789,667,1460,30,4,32,609,599,1211,48,53,103,690,662,1349,31,22,51,567,575,1147,60,42,100,654,639,1296,24,22,40,524
LGA17080,14,102,81,181,66,60,120,396,381,775,46,39,87,511,477,984,6,11,13,78,78,157,3,6,10,89,94,184,8,11,19,72,87,162,8,12,13,87,108,196,14,9,23,73,75,146,5,7,18,88,94,185,11,3,17,57,61,118,3,3,6,68,73,144,0,4,11,63,45,103,3,3,6,71,55,125,43,42,82,344,344,686,25,30,55,407,418,824,4,10,15,61,40,101,4,4,6,72,54,125,14,5,16,62,52,112,4,11,7,74,63,135,5,6,7,68,44,111,6,0,9,78,54,127,7,11,18,57,64,118,6,5,7,64,78,144,3,10,7,67,49,112,0,0,5,66,59,125,32,33,63,309,252,562,19,18,39,354,303,659,26,19,50,299,314,612,28,27,55,356,370,723,20,23,47,343,314,657,17,34,52,376,370,743,22,42,66,349,381,727,29,40,66,395,462,859,16,31,47,382
LGA17100,11,209,221,428,4,8,18,989,1010,2000,39,30,71,1037,1050,2089,0,0,0,185,166,352,9,8,21,194,180,373,0,0,0,179,171,351,5,7,12,188,179,367,3,5,4,224,205,432,7,7,13,237,214,448,3,0,3,173,197,366,8,12,18,178,210,388,8,0,7,239,214,449,20,12,36,264,229,491,10,14,18,994,949,1947,55,43,93,1061,1004,2062,7,3,10,342,291,636,28,11,39,377,304,682,0,3,10,467,374,842,25,22,42,497,396,889,3,3,9,527,386,912,35,21,53,565,406,975,0,4,4,505,428,934,35,28,63,540,459,999,3,6,12,517,457,973,40,32,67,559,494,1050,20,17,40,2354,1937,4289,165,109,270,2537,2063,4601,12,10,19,3065,2421,5486,202,134,330,3272,2567,5842,11,9,15,2623,2362,4979,136,105,243,2768,2475,5246,5,6,11,2018,1740,3755,111,88,204,2130,1839,3967,0,4,7,1295
LGA17150,78,1553,1466,3023,184,174,365,7302,6840,14145,182,135,316,7678,7155,14824,37,36,70,1405,1374,2779,37,24,61,1485,1432,2911,48,44,93,1443,1284,2726,32,24,51,1523,1348,2875,36,38,75,1389,1293,2680,29,20,53,1457,1355,2813,41,36,75,1414,1283,2700,23,23,47,1476,1343,2816,28,35,66,1250,1244,2491,31,29,60,1308,1303,2614,194,185,376,6901,6473,13373,152,124,279,7250,6780,14027,25,26,54,1286,1236,2526,25,24,53,1342,1294,2632,21,33,49,1288,1194,2480,38,33,71,1349,1254,2605,31,26,56,1267,1235,2500,26,31,59,1329,1291,2617,23,29,51,1298,1168,2469,40,26,65,1365,1224,2587,35,25,63,1187,1195,2382,35,28,64,1257,1246,2503,138,139,274,6326,6034,12363,175,140,312,6642,6309,12947,112,122,233,6015,5983,12004,211,180,389,6340,6286,12623,104,99,203,6242,6876,13124,230,236,472,6582,7212,13797,92,94,183,6938,7652,14591,233,222,456,7263,7971,15234,77,100,180,7135
LGA17200,36,322,356,673,100,78,177,1737,1659,3395,119,115,231,1959,1843,3806,19,26,46,294,285,576,24,26,46,332,337,669,20,15,33,285,310,597,25,19,42,329,338,669,20,21,37,308,308,615,19,23,41,350,350,698,15,13,30,506,599,1106,28,47,77,547,669,1214,35,24,58,825,1021,1843,64,68,134,926,1113,2032,109,102,209,2218,2525,4741,159,180,337,2482,2804,5287,32,40,70,1319,1436,2757,115,109,224,1465,1593,3053,26,33,58,1571,1801,3376,124,147,270,1722,1986,3704,28,35,64,1716,2047,3764,152,132,283,1899,2214,4113,32,26,60,2175,2272,4453,187,158,347,2404,2463,4860,34,34,69,2591,2752,5342,225,198,422,2853,2991,5841,153,178,334,9383,10309,19687,798,751,1554,10339,11235,21572,195,182,373,15751,16054,31813,1234,1055,2290,17174,17294,34467,161,108,275,16464,14923,31387,1067,914,1984,17696,15943,33637,125,97,223,11901,10100,21997,778,618,1399,12808,10812,23614,106,100,204,8210
LGA17310,73,510,460,972,522,462,978,1694,1548,3245,163,152,312,2377,2156,4538,84,96,184,378,280,659,31,25,51,494,405,895,110,87,191,337,305,641,42,25,67,481,413,897,92,81,172,326,302,628,23,31,54,443,419,856,84,88,169,306,252,563,30,33,57,419,369,791,62,69,134,234,222,450,38,27,65,338,315,651,434,425,852,1588,1360,2945,158,141,298,2182,1917,4102,66,78,141,220,195,408,25,22,45,310,294,604,65,71,133,249,210,458,25,25,49,343,298,636,73,73,145,229,243,469,23,22,47,317,338,659,68,79,152,240,273,510,28,26,52,343,375,715,59,49,108,253,300,552,15,24,41,329,368,701,329,350,675,1195,1212,2407,119,121,235,1643,1673,3316,246,299,543,1551,1563,3110,138,135,265,1926,1994,3918,216,242,453,1573,1783,3360,122,129,252,1912,2151,4062,221,209,438,1526,1591,3120,139,145,279,1887,1948,3835,164,204,367,1365
LGA17350,4,34,43,78,15,18,29,187,187,379,8,13,22,208,220,423,12,0,12,29,30,59,0,7,7,42,37,78,0,0,3,39,27,64,0,0,0,42,32,75,3,5,9,37,23,61,4,4,6,41,32,72,0,0,5,38,36,73,6,3,7,39,45,78,0,0,7,22,26,45,0,0,3,26,25,53,21,8,27,168,139,305,13,13,25,188,167,361,0,3,3,35,29,65,6,0,6,42,30,70,0,0,0,22,23,47,0,0,4,21,23,48,4,0,4,32,27,61,6,3,6,32,36,65,0,0,0,26,10,40,5,3,4,31,15,46,0,0,0,21,25,44,0,0,0,26,26,48,7,3,8,142,119,258,11,5,20,156,133,286,6,4,12,100,100,196,4,4,7,110,113,220,5,7,13,142,141,274,8,8,9,143,152,294,0,10,7,129,131,258,3,4,11,140,140,276,5,6,12,120
LGA17400,14,40,54,96,33,27,59,138,145,278,22,24,47,189,195,384,5,4,8,20,26,48,4,5,6,23,34,60,3,6,4,23,29,57,4,3,4,31,36,67,6,3,10,29,31,57,0,5,4,32,43,78,0,4,13,21,24,49,0,4,3,26,35,62,3,4,7,22,12,31,4,0,4,24,17,45,17,25,40,116,127,242,14,14,25,148,166,312,0,3,8,19,18,40,0,4,7,23,33,56,5,4,8,13,20,30,4,0,4,21,23,43,4,5,13,15,11,26,6,0,3,24,20,40,10,3,12,16,16,35,0,3,3,24,27,50,4,6,9,20,19,41,4,5,9,23,24,52,18,23,45,90,90,174,12,12,19,121,125,243,9,10,24,86,88,176,8,13,28,113,109,225,17,14,27,101,106,207,4,12,16,115,135,255,9,15,23,92,103,200,20,16,33,120,133,253,12,16,26,115
LGA17420,65,1526,1388,2913,60,70,131,7577,6856,14436,144,134,279,7789,7063,14852,11,23,37,1397,1324,2720,30,13,48,1436,1366,2803,15,5,25,1359,1233,2585,28,14,48,1401,1255,2656,8,15,25,1313,1211,2525,27,23,52,1358,1246,2602,23,8,27,1229,1244,2478,23,19,47,1271,1275,2551,16,7,24,1243,1133,2371,33,25,58,1289,1165,2463,72,66,134,6544,6147,12683,146,102,245,6762,6309,13071,14,11,25,1243,1146,2391,32,22,45,1285,1183,2468,11,9,21,1202,1151,2353,34,25,50,1251,1178,2429,4,16,24,1197,1044,2246,25,21,40,1226,1084,2311,3,12,20,1106,1003,2112,24,24,49,1136,1041,2176,8,10,23,1057,940,1998,21,21,41,1085,973,2054,49,62,112,5807,5288,11090,126,108,228,5989,5452,11436,45,35,88,4339,4152,8487,119,136,259,4503,4327,8835,43,28,72,4634,5551,10186,103,130,237,4785,5711,10497,28,33,65,6886,7943,14825,144,186,332,7060,8158,15214,45,34,81,7453
LGA17550,62,606,542,1151,306,230,531,2574,2436,5009,195,185,376,3077,2839,5917,41,43,79,507,501,1005,32,32,61,574,578,1152,57,43,99,483,442,924,35,33,67,571,518,1090,44,47,92,421,428,844,32,31,66,499,507,1002,36,56,96,404,412,813,32,31,67,477,496,973,43,34,75,381,372,753,28,34,61,454,436,890,221,223,447,2191,2149,4340,166,159,325,2578,2536,5118,45,35,79,375,364,739,31,31,62,446,430,874,33,35,69,368,359,727,36,22,56,433,418,848,33,34,64,399,369,771,32,21,50,461,427,889,27,27,54,339,307,641,41,23,65,407,356,768,27,40,69,313,285,600,26,27,51,367,352,716,160,173,332,1796,1687,3481,163,127,285,2116,1983,4096,135,143,278,1712,1812,3522,144,151,302,1998,2108,4102,108,107,218,1928,2310,4238,153,162,312,2186,2579,4768,112,137,246,2349,2629,4980,195,196,394,2660,2960,5623,97,111,201,2298
LGA17620,15,112,100,215,65,63,125,420,381,803,35,27,57,513,468,984,10,8,21,87,73,159,10,5,10,102,90,191,11,10,20,69,69,138,4,0,9,87,81,168,12,9,18,87,92,179,5,7,14,104,105,209,8,14,22,54,52,107,0,5,4,66,63,133,9,8,15,46,56,101,3,0,9,58,64,120,52,46,94,342,342,678,21,18,44,416,404,822,14,10,23,45,59,103,6,3,6,59,74,138,7,8,20,61,57,118,6,0,11,74,73,148,0,12,13,53,44,99,3,0,7,59,60,118,10,10,17,62,52,118,4,3,7,72,66,138,11,3,16,56,64,120,0,3,6,67,71,134,39,42,85,272,287,555,21,16,34,328,343,671,34,29,58,310,333,647,16,22,41,357,386,746,20,30,50,383,417,799,34,26,67,441,475,910,23,27,54,371,399,771,29,22,53,429,449,876,14,36,55,380
LGA17640,9,37,42,86,11,10,19,201,171,373,19,24,39,224,206,430,0,4,4,56,43,96,3,4,5,55,53,110,0,7,5,52,43,91,5,3,9,52,49,106,3,5,10,37,36,76,3,0,3,49,41,85,0,0,0,38,35,69,3,0,3,37,37,75,0,10,9,30,38,67,4,7,9,32,46,82,7,17,32,209,185,392,12,18,33,230,222,452,0,0,3,26,28,55,0,3,3,30,35,59,0,4,4,26,25,51,6,0,6,29,27,59,0,0,0,28,34,59,5,4,5,29,38,65,0,7,5,31,27,61,0,0,0,31,36,70,3,4,7,26,35,58,0,5,6,33,37,71,8,21,25,136,150,284,6,8,16,153,170,330,13,4,21,151,139,288,9,12,28,175,162,340,5,10,13,156,188,344,15,15,26,172,216,383,4,3,7,188,202,391,15,21,30,206,227,434,9,11,12,176
LGA17650,0,35,37,75,33,46,83,145,160,311,10,9,17,194,221,413,6,17,20,33,41,69,3,4,6,40,56,94,7,5,10,39,29,64,5,0,3,49,34,80,6,0,11,27,33,62,3,3,3,39,35,78,0,4,7,20,24,49,0,0,0,26,34,56,4,3,8,20,25,38,3,3,5,26,29,55,26,25,55,135,148,283,9,15,22,174,191,360,5,9,4,12,25,39,0,4,4,17,31,53,0,4,4,30,16,45,3,0,3,37,23,55,3,5,9,15,19,37,5,0,5,23,25,46,3,8,10,12,17,31,0,4,4,17,30,47,9,3,17,14,19,32,0,0,0,27,18,47,22,26,45,89,103,187,8,3,14,119,128,242,18,13,37,104,118,219,4,11,18,127,144,267,12,12,19,97,135,234,12,11,27,121,157,278,12,16,29,118,127,244,13,10,20,142,149,294,17,15,27,124
LGA17750,44,464,490,950,243,254,502,1934,1964,3902,109,107,214,2285,2330,4616,51,50,101,351,340,691,24,23,41,426,411,839,41,59,101,373,342,715,21,21,46,436,424,863,45,33,74,346,342,693,19,18,38,410,396,807,58,43,101,442,440,883,49,35,83,544,515,1064,46,63,109,452,424,880,44,23,72,548,514,1061,237,247,483,1972,1898,3863,156,117,276,2370,2263,4627,51,48,97,465,491,958,41,33,75,562,569,1130,41,53,96,423,426,851,46,30,80,513,504,1021,46,53,103,401,448,847,31,40,68,476,541,1017,42,49,92,378,447,824,43,18,55,458,516,975,29,45,75,437,468,903,34,20,50,497,531,1032,207,253,459,2101,2280,4378,197,139,339,2505,2670,5171,178,187,359,2149,2224,4373,131,110,246,2461,2519,4982,140,152,284,2062,2153,4216,100,105,208,2302,2412,4712,94,132,224,1904,2098,4005,110,112,222,2115,2336,4449,96,88,184,1662
LGA17850,0,21,17,36,4,10,15,68,68,131,3,3,10,75,86,159,6,3,6,18,14,29,0,0,0,18,12,32,0,5,3,11,5,17,0,0,4,19,14,30,0,0,0,8,7,17,0,0,4,9,10,25,0,0,0,13,5,17,3,4,3,15,14,28,0,0,7,10,19,27,0,4,3,13,21,35,9,9,18,59,56,114,4,7,16,80,73,147,0,0,0,10,8,17,0,0,0,10,8,20,6,0,4,8,11,21,0,0,4,15,16,27,8,0,6,9,6,12,0,0,0,18,8,18,3,0,4,4,3,8,7,0,5,15,4,15,3,0,0,8,11,17,0,3,10,13,15,28,14,3,16,47,38,77,9,13,14,66,47,117,10,8,20,48,50,99,10,8,17,73,63,133,6,4,4,53,65,120,3,6,11,63,75,139,5,9,6,57,53,106,5,8,9,63,64,128,3,3,5,57
LGA17900,12,33,16,53,50,59,109,59,45,107,45,43,90,148,153,303,8,17,26,8,7,17,9,9,18,26,37,60,12,7,22,7,12,16,11,6,21,32,26,57,7,16,24,11,8,16,5,9,17,28,30,60,5,8,11,8,16,26,5,5,12,16,28,46,9,9,22,6,10,19,7,5,10,28,29,51,46,60,110,49,46,95,40,39,76,129,146,278,8,4,10,6,9,12,5,5,11,11,17,31,6,9,12,11,5,18,6,0,8,21,15,38,5,8,12,11,15,22,6,10,19,16,37,55,9,9,11,12,10,19,4,5,11,22,19,43,4,3,10,20,11,29,13,3,17,43,24,61,31,31,63,55,45,104,35,25,60,124,109,228,35,47,80,69,78,146,41,41,87,149,165,310,39,31,72,94,83,173,35,37,74,165,156,318,17,26,48,64,71,134,21,48,73,105,146,252,23,21,43,68
LGA17950,3,13,18,33,19,17,38,47,72,112,11,12,21,71,97,167,5,6,7,7,9,23,0,0,0,13,22,33,9,9,11,9,12,19,0,0,0,11,16,29,6,3,8,8,3,14,5,0,0,11,9,21,0,0,5,6,8,18,4,0,4,11,15,28,3,3,5,7,10,22,4,0,4,15,11,25,15,16,33,46,45,88,11,0,15,64,68,132,7,7,11,9,0,10,0,0,0,18,8,20,3,0,4,10,7,15,0,0,0,11,7,26,0,6,11,8,10,17,0,0,0,15,17,26,0,3,6,9,12,13,6,0,6,8,12,21,0,0,0,14,6,17,0,0,0,20,9,28,13,20,29,51,28,82,3,0,7,66,51,121,8,13,14,34,47,78,4,3,7,47,62,105,8,14,22,57,63,121,6,6,18,79,82,161,3,8,15,48,43,92,3,6,10,63,57,113,3,10,17,48
LGA18020,10,61,61,122,56,65,127,209,189,398,30,38,72,300,294,594,16,18,29,38,37,76,10,3,20,62,55,115,7,18,25,34,40,76,14,6,22,52,64,118,13,14,22,49,37,80,9,11,17,64,56,118,8,9,13,31,27,59,11,7,11,48,39,89,11,13,23,26,22,45,4,3,7,38,36,75,45,67,115,179,159,341,40,35,70,262,259,523,5,6,12,23,24,47,8,4,10,35,37,69,8,0,9,29,19,52,0,5,7,38,22,64,8,8,15,32,18,45,7,3,16,42,32,74,4,0,9,28,18,43,5,0,10,39,24,64,8,4,10,14,23,34,5,4,5,19,27,51,31,25,55,125,98,220,29,15,45,181,142,325,33,36,66,151,163,316,29,27,51,211,218,429,20,33,56,161,163,321,29,25,49,205,220,428,20,17,44,136,180,315,23,43,65,182,239,420,20,15,25,164
LGA18050,25,362,350,711,8,5,12,1770,1647,3418,73,76,149,1854,1730,3586,3,4,4,291,308,603,15,11,27,314,323,633,0,0,3,321,306,624,12,12,25,337,317,655,0,6,4,273,271,544,8,12,13,276,291,563,0,0,0,258,279,541,15,12,25,276,300,569,9,0,9,231,219,443,13,4,25,251,224,476,10,14,21,1377,1382,2756,63,53,117,1453,1447,2899,3,3,8,230,239,465,13,12,22,242,251,496,0,5,3,244,268,518,20,25,43,268,299,564,8,7,8,265,307,567,14,10,24,282,312,593,4,0,6,316,431,745,18,29,46,339,456,794,6,5,8,337,483,818,14,29,46,354,518,877,16,19,32,1392,1720,3115,80,96,181,1485,1835,3322,23,11,36,3124,3811,6933,231,258,483,3376,4074,7459,14,16,28,3873,4222,8089,271,267,537,4159,4503,8654,14,14,27,2999,3099,6097,184,175,356,3193,3279,6476,11,6,21,2415
LGA18100,0,29,12,41,10,6,11,95,86,184,10,4,18,117,100,216,3,0,5,30,23,50,0,0,0,31,22,56,0,0,0,24,15,41,0,0,0,26,15,40,3,3,6,19,8,28,0,0,0,21,12,35,0,0,4,13,19,34,0,0,5,18,17,36,4,5,5,14,12,22,0,0,0,14,10,29,10,6,16,94,71,169,0,3,10,107,88,197,0,0,0,13,6,15,0,0,0,15,12,22,0,0,0,13,14,29,0,0,0,13,14,29,0,0,0,9,11,19,0,0,3,10,18,25,4,0,7,12,12,24,0,0,5,19,12,27,0,0,0,7,10,20,0,0,0,8,14,24,6,5,7,51,52,101,7,3,8,63,59,119,5,0,4,67,60,127,5,8,14,75,70,143,8,0,7,63,70,135,4,0,4,74,78,149,7,8,14,70,60,124,0,6,10,79,67,144,3,3,10,91
LGA18200,8,62,48,107,26,27,52,185,169,351,21,28,51,235,230,459,9,6,14,44,27,72,13,5,16,57,43,101,8,5,10,42,32,71,11,5,11,54,39,92,5,3,11,30,36,60,6,7,13,41,40,87,4,3,12,26,28,55,10,4,14,42,42,81,5,0,10,20,20,45,0,8,8,30,35,63,31,28,58,156,139,300,38,27,69,231,196,422,3,0,5,26,23,49,5,0,9,31,30,60,9,4,10,32,28,56,3,0,3,47,30,74,7,3,9,32,29,61,4,8,10,44,36,79,3,0,3,25,17,48,9,9,11,38,27,66,4,6,14,27,36,61,3,8,6,37,46,77,24,20,41,143,131,270,17,18,35,185,171,353,20,26,44,142,151,291,27,20,51,185,203,386,23,17,38,151,162,315,37,32,63,210,212,417,14,23,39,164,173,348,35,34,70,216,236,453,9,6,19,167
LGA18250,30,492,501,996,7,5,13,2507,2507,5016,72,58,131,2581,2570,5151,0,0,0,473,481,952,7,7,21,476,491,967,0,0,3,461,441,908,5,7,14,472,455,925,0,0,0,408,400,805,11,6,26,426,406,825,0,4,4,366,327,692,16,9,21,373,338,709,5,4,8,408,327,737,10,5,19,424,342,762,9,10,12,2113,1974,4089,49,46,91,2171,2024,4193,4,5,4,379,387,768,10,8,21,385,401,790,3,0,9,391,376,767,15,7,22,411,383,796,0,0,0,393,375,766,6,7,16,405,378,782,0,3,3,390,379,770,13,11,21,406,388,792,4,4,4,381,376,756,17,13,28,401,397,793,8,11,19,1933,1888,3823,60,47,106,1996,1952,3951,12,3,21,2074,2111,4186,86,68,155,2171,2188,4358,4,10,18,2252,2566,4817,84,102,181,2341,2673,5015,14,12,19,2861,3293,6151,104,90,188,2978,3390,6366,8,9,19,2951
LGA18350,24,316,355,665,54,69,121,1559,1530,3088,73,69,147,1686,1666,3355,20,8,33,278,296,577,10,8,22,309,319,631,12,22,36,305,315,621,16,13,20,332,342,678,14,12,26,275,283,557,3,7,10,288,308,599,11,17,23,273,262,534,12,10,29,295,289,581,18,10,26,242,201,442,7,16,23,266,222,486,72,68,139,1368,1362,2731,51,54,108,1493,1487,2976,7,18,20,223,204,424,15,9,28,245,231,471,9,10,18,211,195,411,16,12,25,227,221,450,13,12,18,185,187,372,11,12,23,203,214,413,9,15,23,191,179,377,11,11,23,215,205,415,9,6,14,185,172,358,16,13,20,207,189,397,42,52,97,997,943,1941,63,60,116,1103,1050,2155,47,35,84,1019,983,2002,39,51,89,1099,1069,2169,34,29,66,1144,1274,2419,49,45,92,1226,1351,2580,24,25,51,1214,1266,2479,60,55,115,1296,1344,2646,31,36,65,1190
LGA18400,34,429,378,804,144,145,287,1850,1737,3585,72,83,154,2064,1962,4026,27,30,58,333,352,686,20,14,33,382,393,774,23,25,50,338,327,673,19,15,36,383,378,759,41,35,74,350,295,652,18,10,30,409,337,751,23,17,40,346,332,682,19,18,34,383,366,756,18,24,43,327,268,598,18,11,33,370,305,676,140,131,269,1701,1577,3279,93,73,167,1934,1780,3712,30,16,46,323,301,622,20,20,37,371,334,704,33,20,52,340,276,611,23,10,25,391,296,694,30,26,52,290,260,551,8,5,15,324,292,619,14,32,44,289,268,557,7,3,18,317,303,619,14,26,40,244,256,497,11,5,19,263,288,553,117,116,234,1483,1361,2842,77,43,118,1672,1516,3188,74,77,151,1357,1442,2799,62,66,127,1501,1580,3081,70,64,132,1564,1630,3194,72,58,130,1705,1746,3454,62,73,136,1584,1682,3269,71,75,147,1722,1827,3550,41,59,96,1528
LGA18450,74,1399,1240,2640,371,376,747,6005,5719,11719,227,240,466,6598,6333,12932,69,61,134,1202,1122,2326,48,37,92,1317,1222,2544,69,63,138,1122,1064,2186,42,44,84,1240,1169,2404,86,65,147,1142,1077,2218,53,41,101,1283,1180,2462,48,71,124,1217,1123,2340,66,59,120,1337,1250,2586,80,84,161,1310,1400,2712,72,84,158,1467,1570,3032,352,346,700,6001,5777,11778,282,267,547,6637,6391,13032,80,68,146,1413,1377,2785,85,63,144,1576,1509,3081,77,76,156,1402,1507,2908,74,65,131,1548,1649,3196,72,91,166,1483,1497,2983,61,65,121,1613,1656,3267,64,62,124,1489,1424,2917,66,58,123,1623,1543,3163,63,52,114,1520,1309,2826,60,65,125,1638,1427,3069,354,359,711,7302,7119,14423,338,310,645,8000,7786,15784,282,265,542,6859,6417,13282,328,293,624,7469,6977,14450,218,214,438,6332,6654,12988,296,254,549,6850,7125,13971,199,196,395,6158,6492,12644,270,264,533,6623,6956,13580,148,168,316,6064
LGA18500,23,258,306,564,12,3,16,1380,1400,2782,52,41,92,1440,1447,2885,0,5,5,285,276,567,11,15,21,295,298,592,0,0,3,275,284,567,21,14,30,302,301,604,0,3,3,265,239,502,10,10,21,275,252,525,0,0,5,243,230,471,20,10,29,267,236,508,0,0,0,233,187,420,16,11,25,254,195,442,7,11,16,1305,1217,2526,80,55,129,1388,1279,2670,0,0,3,215,234,452,9,6,17,230,240,473,0,0,0,225,257,481,17,13,25,249,264,510,3,0,7,228,284,512,20,9,29,251,299,547,0,0,0,276,362,633,12,11,22,285,374,663,3,4,10,275,399,673,26,18,39,293,422,718,8,9,17,1221,1536,2755,81,65,146,1305,1609,2918,13,12,23,1727,2254,3980,79,103,183,1815,2368,4184,14,9,20,1824,2204,4028,92,84,178,1923,2296,4222,7,4,13,1685,1943,3633,80,92,170,1773,2039,3812,8,6,7,1552
LGA18710,13,114,121,238,35,38,70,585,582,1173,24,26,52,651,644,1298,6,7,9,123,128,252,9,0,13,145,134,271,11,3,15,113,100,206,0,4,3,123,105,231,4,11,15,100,114,215,3,0,7,111,122,230,6,0,6,101,89,192,5,3,12,110,95,205,9,3,7,89,86,173,0,0,4,99,91,190,32,24,53,533,517,1042,21,15,35,577,551,1133,5,6,13,78,79,165,10,0,11,97,89,180,6,6,9,61,71,127,9,4,9,73,79,154,4,4,12,77,72,149,4,6,8,91,80,165,6,0,6,76,50,122,6,6,11,83,55,137,0,7,4,66,66,129,3,0,8,71,72,142,24,20,45,359,337,693,26,17,37,412,373,780,14,9,24,328,350,679,19,16,39,362,379,739,9,17,19,384,412,796,19,12,34,418,438,853,13,12,30,424,552,977,10,27,37,446,594,1045,21,14,33,481
LGA19399,0,5,6,7,4,0,4,20,21,47,7,0,9,26,29,53,0,0,0,0,4,4,0,0,0,0,4,4,0,0,0,0,0,8,0,0,0,10,0,6,0,0,0,3,3,4,0,0,0,3,3,4,0,0,0,0,3,6,0,0,0,0,3,6,0,0,0,4,6,7,0,0,0,6,8,15,0,0,0,13,15,32,5,0,3,18,19,34,0,0,0,0,3,3,0,0,0,0,6,9,0,0,0,4,4,4,0,0,0,4,4,4,0,0,0,0,5,3,0,0,0,0,5,3,0,0,0,0,4,6,0,0,0,0,4,6,0,0,0,0,0,0,0,0,0,0,0,0,4,0,5,6,13,21,0,0,0,8,16,24,0,0,3,14,19,37,0,0,3,21,24,44,0,0,3,30,34,67,4,3,3,34,41,75,0,0,0,28,25,59,3,7,5,38,35,66,0,0,0,38
LGA19499,16,34,26,59,32,25,57,86,91,178,63,70,136,185,185,369,4,8,12,19,28,45,10,14,31,33,50,83,16,10,21,24,28,52,13,8,18,47,49,96,8,14,22,34,28,58,15,18,30,51,60,114,15,9,21,34,56,89,7,7,11,58,67,121,10,8,16,41,46,93,10,10,16,62,60,123,50,49,94,152,183,334,57,51,106,253,279,532,16,10,23,44,54,99,8,6,13,60,70,135,7,16,23,57,60,114,11,11,21,75,87,158,10,8,20,67,64,128,11,11,25,91,77,169,7,14,22,58,67,126,16,8,25,89,90,171,11,16,29,67,77,146,10,5,20,91,99,189,56,56,116,296,314,612,56,43,101,411,418,829,67,67,129,436,400,832,87,68,152,586,533,1118,67,50,121,448,387,829,62,58,123,574,495,1068,66,51,117,424,288,710,67,54,125,562,392,954,55,43,97,422
LGA19799,0,0,0,0,0,0,0,0,0,0,0,0,0,0,0,0,0,0,0,0,0,0,0,0,0,0,0,0,0,0,0,0,0,0,0,0,0,0,0,0,0,0,0,0,0,0,0,0,0,0,0,0,0,0,0,0,0,0,0,0,0,0,0,0,0,0,0,0,0,0,0,0,0,0,0,0,0,0,0,0,0,0,0,0,0,0,0,0,0,0,0,0,0,0,0,0,0,0,0,0,0,0,0,0,0,0,0,0,0,0,0,0,0,0,0,0,0,0,0,0,0,0,0,0,0,0,0,0,0,0,0,0,0,0,0,0,0,0,0,0,0,0,0,0,0,0,0,0,0,0,0,0,0,0,0,0,0,0,0,0,0,0,0,0,0,0,0,0,0,0,0,0,0,0,0,0,0,0,0,0,0,0,0,0,0,0,0,0,0,0,0,0,0,0,0,0,0,0,0,0
